ံ,./dictionary/ံ.png
း,./dictionary/း.png
့,./dictionary/့.png
၊,./dictionary/၊.png
။,./dictionary/။.png
(,./dictionary/(.png
),./dictionary/).png
[,./dictionary/[.png
],./dictionary/].png
၌,./dictionary/၌.png
၍,./dictionary/၍.png
၎င်း,./dictionary/၎င်း.png
၏,./dictionary/၏.png
1နာရီ,./dictionary/1နာရီ.png
၁ပတ်,./dictionary/၁ပတ်.png
၂ပတ်,./dictionary/၂ပတ်.png
၄ထပ်,./dictionary/၄ထပ်.png
၅ (စကၠန့်),./dictionary/၅ (စကၠန့်).png
၅ရက်,./dictionary/ရက်၅.png
၉ကနေ,./dictionary/၉ကနေ.png
body,./dictionary/body.png
cctv,./dictionary/cctv.png
lotion,./dictionary/lotion.png
lotion လိမ်း,./dictionary/lotion လိမ်း.png
mask,./dictionary/mask.png
maskတပ်,./dictionary/maskတပ်.png
octane,./dictionary/octane.png
power,./dictionary/power.png
stop,./dictionary/stop.png
x ray,./dictionary/x ray.png
x-ray,./dictionary/x-ray.png
က,./dictionary/က.png
ကင်း,./dictionary/ကင်း.png
ကင်းခြေများ,./dictionary/ကင်းခြေများ.png
ကင်းလွတ်,./dictionary/ကင်းလွတ်.png
ကနေဒါ,./dictionary/ကနေဒါ.png
ကန်,./dictionary/ကန်.png
ကန်(လေးထောင့်ကန်),./dictionary/ကန်(လေးထောင့်ကန်).png
ကန်(အဝိုင်းကန်),./dictionary/ကန်(အဝိုင်းကန်).png
ကန်စွန်းရွက်,./dictionary/ကန်စွန်းရွက်.png
ကပ် (မီးကပ်),./dictionary/ကပ် (မီးကပ်).png
ကမ္ဘောဒီးယား,./dictionary/ကမ္ဘောဒီးယား.png
ကမ်းခြေ,./dictionary/ကမ်းခြေ.png
ကမ်းခြေ(၁),./dictionary/ကမ်းခြေ၁.png
ကမ်းခြေကသဲ,./dictionary/ကမ်းခြေကသဲ.png
ကမ်းစပ်,./dictionary/ကမ်းစပ်.png
ကမ်းစပ်(၁),./dictionary/ကမ်းစပ်၁.png
ကမ်းပါး,./dictionary/ကမ်းပါး.png
ကမ်းပါး(၁),./dictionary/ကမ်းပါး၁.png
ကယ်ဆယ်,./dictionary/ကယ်ဆယ်.png
ကျကွဲ,./dictionary/ကျကွဲ.png
ကျန် (မီး),./dictionary/ကျန် (မီး).png
ကျန်စစ်သား,./dictionary/ကျန်စစ်သား.png
ကျန်းမာရေးရာဝန်ကြီးဌာန,./dictionary/ကျန်းမာရေးရာဝန်ကြီးဌာန.png
ကျပ်,./dictionary/ကျပ်.png
ကျွန်,./dictionary/ကျွန်.png
ကျွန်တော်,./dictionary/ကျွန်တော်.png
ကျွမ်းကျင်,./dictionary/ကျွမ်းကျင်.png
ကျွဲကောသီး,./dictionary/ကျွဲကောသီး.png
ကျို,./dictionary/ကျို.png
ကျိုး,./dictionary/ကျိုး.png
ကျိုးကျ,./dictionary/ကျိုးကျ.png
ကျိုက်ထီးရိုး,./dictionary/ကျိုက်ထီးရိုး.png
ကျိုချက်,./dictionary/ကျိုချက်.png
ကျိုးသွား,./dictionary/ကျိုးသွား.png
ကျူးကျော်,./dictionary/ကျူးကျော်.png
ကျေးဇူးတင်ပါတယ်,./dictionary/ကျေးဇူးတင်ပါတယ်.png
ကျေးဇူးပြု(Ygn),./dictionary/ကျေးဇူးပြု(Ygn).png
ကျေးဇူးပြု၍,./dictionary/ကျေးဇူးပြု၍.png
ကျောက်ခေတ်,./dictionary/ကျောက်ခေတ်.png
ကျောက်ခေတ်နှောင်း,./dictionary/ကျောက်ခေတ်နှောင်း.png
ကျောက်ခေတ်လယ်,./dictionary/ကျောက်ခေတ်လယ်.png
ကျောက်ခေတ်လူ,./dictionary/ကျောက်ခေတ်လူ.png
ကျောက်ခေတ်ဦး,./dictionary/ကျောက်ခေတ်ဦး.png
ကျောက်လက်နက်,./dictionary/ကျောက်လက်နက်.png
ကျောင်း,./dictionary/ကျောင်း.png
ကျောင်းဆရာ,./dictionary/ကျောင်းဆရာ.png
ကျော်,./dictionary/ကျော်.png
ကရာတေး,./dictionary/ကရာတေး.png
ကြက်ခြေနီ,./dictionary/ကြက်ခြေနီ.png
ကြက်ခြေနီ(Ygn),./dictionary/ကြက်ခြေနီ(Ygn).png
ကြက်တောင်,./dictionary/ကြက်တောင်.png
ကြက်သွန်,./dictionary/ကြက်သွန်.png
ကြက်သွန်မြိတ်,./dictionary/ကြက်သွန်မြိတ်.png
ကြက်သား,./dictionary/ကြက်သား.png
ကြံ့ခိုင်,./dictionary/ကြံ့ခိုင်.png
ကြည့်,./dictionary/ကြည့်.png
ကြမ်းပြင်,./dictionary/ကြမ်းပြင်.png
ကြမ်းပြင်(၁),./dictionary/ကြမ်းပြင်၁.png
ကြွက်သား,./dictionary/ကြွက်သား.png
ကြွင်း (မီး),./dictionary/ကြွင်း (မီး).png
ကြွေးတင်,./dictionary/ကြွေးတင်.png
ကြာ,./dictionary/ကြာ.png
ကြား,./dictionary/ကြား.png
ကြာ(၁),./dictionary/ကြာ၁.png
ကြား(၁),./dictionary/ကြား၁.png
ကြား(၂),./dictionary/ကြား၂.png
ကြားထဲ,./dictionary/ကြားထဲ.png
ကြာမှာလား,./dictionary/ကြာမှာလား.png
ကြာသပတေး,./dictionary/ကြာသပတေး.png
ကြို,./dictionary/ကြို.png
ကြိုး(မီးကြိုး),./dictionary/ကြိုး(မီးကြိုး).png
ကြိုက်,./dictionary/ကြိုက်.png
ကြိုက်တယ်,./dictionary/ကောင်းတယ်.png
ကြိုက်လား,./dictionary/ကြိုက်လား.png
ကြိုတင်,./dictionary/ကြိုတင်.png
ကြိုတင်(၁),./dictionary/ကြိုတင်၁.png
ကြိုးပျက်ကျ,./dictionary/ကြိုးပျက်ကျ.png
ကြုံ,./dictionary/ကြုံ.png
ကြေး,./dictionary/ကြေး.png
ကြောက်ရွံ့ထိတ်လန့်မှု,./dictionary/ကြောက်ရွံ့ထိတ်လန့်မှု.png
ကြောက်လန့်တကြား,./dictionary/ကြောက်လန့်တကြား.png
ကလေး,./dictionary/ကလေး.png
ကလေး(၁),./dictionary/ကလေး၁.png
ကလေး(၂),./dictionary/ကလေး၂.png
ကလေး(၃),./dictionary/ကလေး၃.png
ကွင်း,./dictionary/ကွင်း.png
ကွင်းပြင်,./dictionary/ကွင်းပြင်.png
ကွင်းပြင်(၁),./dictionary/ကွင်းပြင်၁.png
ကွန်မြူနစ်ဝါဒ,./dictionary/ကွန်မြူနစ်ဝါဒ.png
ကွဲ,./dictionary/ကွဲ.png
ကား,./dictionary/ကား.png
ကား(၁),./dictionary/ကား၁.png
ကာကွယ်,./dictionary/ကာကွယ်.png
ကာကွယ်ရေးဝန်ကြီးဌာန,./dictionary/ကာကွယ်ရေးဝန်ကြီးဌာန.png
ကားချောက်ထဲကျ,./dictionary/ကားချောက်ထဲကျ.png
ကားတံခါး,./dictionary/ကားတံခါး.png
ကားတံခါးပိတ်,./dictionary/ကားတံခါးပိတ်.png
ကားတံခါးဖွင့်,./dictionary/ကားတံခါးဖွင့်.png
ကားတစ်စီး,./dictionary/ကားတစ်စီး.png
ကားတိုက်,./dictionary/ကားတိုက်.png
ကားတိုက်(၁),./dictionary/ကားတိုက်၁.png
ကားတိုက်(၂),./dictionary/ကားတိုက်၂.png
ကားတိုက်(၃),./dictionary/ကားတိုက်၃.png
ကားတိုက်(၄),./dictionary/ကားတိုက်၄.png
ကားတိုက်ဖြစ်ပြီး,./dictionary/ကားတိုက်ဖြစ်ပြီး.png
ကားထွက်,./dictionary/ကားထွက်.png
ကားထဲမှာ,./dictionary/ကားထဲမှာ.png
ကားပိတ်,./dictionary/ကားပိတ်.png
ကားပေါ်က,./dictionary/ကားပေါ်က.png
ကားပေါ်က(၁),./dictionary/ကားပေါ်က၁.png
ကားပေါ်ကဆင်း,./dictionary/ကားပေါ်ကဆင်း.png
ကားပေါ်ကလိမ့်ကျ,./dictionary/ကားပေါ်ကလိမ့်ကျ.png
ကားပေါ်ညှပ်မိ,./dictionary/ကားပေါ်ညှပ်မိ.png
ကားပေါ်ညှပ်မိ(၁),./dictionary/ကားပေါ်ညှပ်မိ၁.png
ကားမောင်း,./dictionary/ကားမောင်း.png
ကားမောင်းနေတုန်း,./dictionary/ကားမောင်းနေတုန်း.png
ကားရပ်ထား,./dictionary/ကားရပ်ထား.png
ကားရပ်ထားလမ်းလျှောက်,./dictionary/ကားရပ်ထားလမ်းလျှောက်.png
ကားလာ,./dictionary/ကားလာ.png
ကားဝင်,./dictionary/ကားဝင်.png
ကားသွား,./dictionary/ကားသွား.png
ကားသေး,./dictionary/ကားသေး.png
ကားသော့,./dictionary/ကားသော့.png
ကိုး,./dictionary/ကိုး.png
ကိုးကွယ်ယုံကြည်,./dictionary/ကိုးကွယ်ယုံကြည်.png
ကိုက်,./dictionary/ကိုက်.png
ကိုက်ခဲ,./dictionary/ကိုက်ခဲ.png
ကိုးထောင်,./dictionary/ကိုးထောင်.png
ကိုယ်ခန္ဓာ,./dictionary/ကိုယ်ခန္ဓာ.png
ကိုယ်ခန္ဓာ(၁),./dictionary/ကိုယ်ခန္ဓာ၁.png
ကိုယ်ခန္ဓာ(၂),./dictionary/ကိုယ်ခန္ဓာ၂.png
ကိုယ်ခန္ဓာဆေးစစ်,./dictionary/ကိုယ်ခန္ဓာဆေးစစ်.png
ကိုယ်တိုင်,./dictionary/ကိုယ်တိုင်.png
ကိုယ်ပိုင်,./dictionary/ကိုယ်ပိုင်.png
ကိုယ်ပိုင်စီးပွားရေး,./dictionary/ကိုယ်ပိုင်စီးပွားရေး.png
ကိုယ်ပိုင်အုပ်ချုပ်ရေး,./dictionary/ကိုယ်ပိုင်အုပ်ချုပ်ရေး.png
ကိုယ်ပူ,./dictionary/ကိုယ်ပူ.png
ကိုးသောင်း,./dictionary/ကိုးသောင်း.png
ကုန်းကျော်,./dictionary/ကုန်းကျော်.png
ကုန်းကျော်ပေါ်မှာ,./dictionary/ကုန်းကျော်ပေါ်မှာ.png
ကုန်းဘောင်ခေတ်,./dictionary/ကုန်းဘောင်ခေတ်.png
ကုန်းမြင့်,./dictionary/ကုန်းမြင့်.png
ကုန်းမြေမြင့်,./dictionary/ကုန်းမြေမြင့်.png
ကူးစက်,./dictionary/ကူးစက်.png
ကူးစက်(၁),./dictionary/ကူးစက်၁.png
ကူညီ,./dictionary/ကူညီ.png
ကူညီ(၁),./dictionary/ကူညီ၁.png
ကူညီပါ(ကိုယ့်ကို),./dictionary/ကူညီပါ(ကိုယ့်ကို).png
ကူညီပေး,./dictionary/ကူညီပေး.png
ကူညီပေးပါ (တခြားသူကို),./dictionary/ကူညီပေးပါ (တခြားသူကို).png
ကောက်စိုက်,./dictionary/ကောက်စိုက်.png
ကောင်း,./dictionary/ကောင်း.png
ကောင်းတယ်,./dictionary/ကောင်းတယ်.png
ကောင်းတယ်(၁),./dictionary/ကောင်းတယ်၁.png
ကောင်းမကောင်း,./dictionary/ကောင်းမကောင်း.png
ကောင်းလား,./dictionary/ကောင်းလား.png
ကောဒီးယားခေတ်,./dictionary/ကောဒီးယားခေတ်.png
ကော်ဖီ,./dictionary/ကော်ဖီ.png
ခ,./dictionary/ခ.png
ခက်,./dictionary/ခက်.png
ခက်(၁),./dictionary/ခက်၁.png
ခင်ဗျား,./dictionary/ခင်ဗျား.png
ခစား,./dictionary/ခစား.png
ခံစား,./dictionary/ခံစား.png
ခဏ,./dictionary/ခဏ.png
ခဏခဏ,./dictionary/ခဏခဏ.png
ခန္ဓာကိုယ် ဓာတ်မှန်ရိုက်,./dictionary/ခန္ဓာကိုယ် ဓာတ်မှန်ရိုက်.png
ချက်,./dictionary/ချက်.png
ချက်ချင်း,./dictionary/ချက်ချင်း.png
ချက်ချင်း(၁),./dictionary/ချက်ချင်း၁.png
ချက်ပြုတ်,./dictionary/ချက်ပြုတ်.png
ချင်,./dictionary/ချင်.png
ချင်စိတ်,./dictionary/ချင်စိတ်.png
ချင်တယ်,./dictionary/ကောင်းတယ်.png
ချစ်ကြည်ရေး,./dictionary/ချစ်ကြည်ရေး.png
ချည်ထည်,./dictionary/ချည်ထည်.png
ချထား,./dictionary/ချထား.png
ချမ်း,./dictionary/ချမ်း.png
ချမ်းတယ်,./dictionary/ချမ်းတယ်.png
ချိတ်,./dictionary/ချိတ်.png
ချို,./dictionary/ချို.png
ချိုး,./dictionary/ချိုး.png
ချိုချဉ်,./dictionary/ချိုချဉ်.png
ချိုင့်,./dictionary/ချိုင့်.png
ချုပ်ထား,./dictionary/ချုပ်ထား.png
ချောက်ထဲကျ,./dictionary/ချောက်ထဲကျ.png
ချောင်းဆိုး,./dictionary/ချောင်းဆိုး.png
ချောင်းသာ,./dictionary/ချောင်းသာ.png
ချော်ကျ,./dictionary/ချော်ကျ.png
ခံရ,./dictionary/ခံရ.png
ခံရ(၁),./dictionary/ခံရ၁.png
ခရင်မ်,./dictionary/ခရင်မ်.png
ခရစ္စမတ်,./dictionary/ခရစ္စမတ်.png
ခရစ်ယာန်ဘာသာ,./dictionary/ခရစ်ယာန်ဘာသာ.png
ခြင်,./dictionary/ခြင်.png
ခြင်းခတ်,./dictionary/ခြင်းခတ်.png
ခြုံ,./dictionary/ခြုံ.png
ခြေခေါက်လဲ,./dictionary/ခြေခေါက်လဲ.png
ခြေထောက်,./dictionary/ခြေထောက်.png
ခြေထောက်(၁),./dictionary/ခြေထောက်၁.png
ခြေဖမိုး,./dictionary/ခြေဖမိုး.png
ခြောက်,./dictionary/ခြောက်.png
ခြောက်ထောင်,./dictionary/ခြောက်ထောင်.png
ခြောက်သွေ့,./dictionary/ခြောက်သွေ့.png
ခြောက်သွေ့(၁),./dictionary/ခြောက်သွေ့၁.png
ခြောက်သောင်း,./dictionary/ခြောက်သောင်း.png
ခံလိုက်ရ,./dictionary/ခံလိုက်ရ.png
ခလုတ်,./dictionary/ခလုတ်.png
ခွင့်,./dictionary/ခွင့်.png
ခွင့်ပြု,./dictionary/ခွင့်ပြု.png
ခွေး,./dictionary/ခွေး.png
ခွဲစိတ်,./dictionary/ခွဲစိတ်.png
ခွဲစိတ်(၁),./dictionary/ခွဲစိတ်၁.png
ခါး,./dictionary/ခါး.png
ခါးကျိုး,./dictionary/ခါးကျိုး.png
ခါးကြားထိုး,./dictionary/ခါးကြားထိုး.png
ခါးပိုက်နှိုက်,./dictionary/ခါးပိုက်နှိုက်.png
ခါးပိုက်နှိုက်(၁),./dictionary/ခါးပိုက်နှိုက်၁.png
ခိုး,./dictionary/ခိုး.png
ခိုလှုံ,./dictionary/ခိုလှုံ.png
ခု,./dictionary/ခု.png
ခုခံအားကျဆင်းမှုရောဂါ,./dictionary/ခုခံအားကျဆင်းမှုရောဂါ.png
ခုတ်ပစ်,./dictionary/ခုတ်ပစ်.png
ခုနှစ်,./dictionary/ခုနှစ်.png
ခုနှစ်ထောင်,./dictionary/ခုနှစ်ထောင်.png
ခုနှစ်သောင်း,./dictionary/ခုနှစ်သောင်း.png
ခုန်ချ,./dictionary/ခုန်ချ.png
ခုန်ချ(၁),./dictionary/ခုန်ချ၁.png
ခုံအလယ်တန်း ,./dictionary/ခုံအလယ်တန်း.png
ခေျာင်း,./dictionary/ခေျာင်း.png
ခေါင်း,./dictionary/ခေါင်း.png
ခေါင်းကသွေးထွက်,./dictionary/ခေါင်းကသွေးထွက်.png
ခေါင်းကိုက်,./dictionary/ခေါင်းကိုက်.png
ခေါင်းကိုက်(၁),./dictionary/ခေါင်းကိုက်၁.png
ခေါင်းပေါက်,./dictionary/ခေါင်းပေါက်.png
ခေါင်းမူး,./dictionary/ခေါင်းမူး.png
ခေါင်းမူး(၁),./dictionary/ခေါင်းမူး၁.png
ခေါင်းလက်နဲ့ဖိထား,./dictionary/ခေါင်းလက်နဲ့ဖိထား.png
ခေါ်,./dictionary/ခေါ်.png
ခေါ်ပေး,./dictionary/ခေါ်ပေး.png
ခေါ်လာ,./dictionary/ခေါ်လာ.png
ခေါ်လာပေး,./dictionary/ခေါ်လာပေး.png
ခေါ်သွားပေး,./dictionary/ခေါ်သွားပေး.png
ဂ,./dictionary/ဂ.png
ဂက်စ်,./dictionary/ဂက်စ်.png
ဂတ်စ်,./dictionary/ဂတ်စ်.png
ဂျပန်,./dictionary/ဂျပန်.png
ဂျပန်ခေတ်,./dictionary/ဂျပန်ခေတ်.png
ဂရိ,./dictionary/ဂရိ.png
ဂရိတ်ဖရု,./dictionary/ဂရိတ်ဖရု.png
ဂရုစိုက်,./dictionary/ဂရုစိုက်.png
ဂရုစိုက်(၁),./dictionary/ဂရုစိုက်၁.png
ဂရုစိုက်(၂),./dictionary/ဂရုစိုက်၂.png
ဂေါ်ရခါးသီး,./dictionary/ဂေါ်ရခါးသီး.png
ဃ,./dictionary/ဃ.png
င,./dictionary/င.png
ငထွေရူး,./dictionary/ငထွေရူး.png
ငပလီ,./dictionary/ငပလီ.png
ငြှိမ်း,./dictionary/ငြှိမ်း.png
ငလျင်လှုပ်,./dictionary/ငလျင်လှုပ်.png
ငလျင်လှုပ်(၁),./dictionary/ငလျင်လှုပ်၁.png
ငလုံးလက်ဖယ်,./dictionary/ငလုံးလက်ဖယ်.png
ငွေဆောင်,./dictionary/ငွေဆောင်.png
ငှက်ပျောသီး,./dictionary/ငှက်ပျောသီး.png
ငါ,./dictionary/ငါ.png
ငါး,./dictionary/ငါး.png
ငါ(၁),./dictionary/ငါ၁.png
ငါး(Fish),./dictionary/ငါး(Fish).png
ငါးထောင်,./dictionary/ငါးထောင်.png
ငါသွား,./dictionary/ငါသွား.png
ငါးသောင်း,./dictionary/ငါးသောင်း.png
င်္,./dictionary/င်္.png
စ,./dictionary/စ.png
စကၠဴ,./dictionary/စကၠဴ.png
စက္ကန့်,./dictionary/စက္ကန့်.png
စက်ချုပ်သမား,./dictionary/စက်ချုပ်သမား.png
စက်ဘီး,./dictionary/စက်ဘီး.png
စက်ဘီး(၁),./dictionary/စက်ဘီး၁.png
စက်မှုဝန်ကြီးဌာန,./dictionary/စက်မှုဝန်ကြီးဌာန.png
စင်္ကာပူ,./dictionary/စင်္ကာပူ.png
စင်္ကာပူ (MDY),./dictionary/စင်္ကာပူM.png
စင်္ကာပူ (YGN),./dictionary/စင်္ကာပူY.png
စစ်ကိုင်း,./dictionary/စစ်ကိုင်း.png
စစ်ကူ,./dictionary/စစ်ကူ.png
စစ်ဆေးသည်,./dictionary/စစ်ဆေးသည်.png
စစ်ဆေးသည်(၁),./dictionary/စစ်ဆေးသည်၁.png
စစ်ဆေးသည်(၂),./dictionary/စစ်ဆေးသည်၂.png
စစ်ဘေးဒဏ်,./dictionary/စစ်ဘေးဒဏ်.png
စစ်သူကြီး,./dictionary/စစ်သူကြီး.png
စည်ပိုင်း,./dictionary/စည်ပိုင်း.png
စည်ပိုင်းထဲရေထည့်,./dictionary/စည်ပိုင်းထဲရေထည့်.png
စတုတ္ထတန်း,./dictionary/စတုတ္ထတန်း.png
စတုတ္ထနှစ်,./dictionary/စတုတ္ထနှစ်.png
စတုတ္ထအဆင့်,./dictionary/စတုတ္ထအဆင့်.png
စနေ,./dictionary/စနေ.png
စနေနေ့,./dictionary/စနေနေ့.png
စပျစ်သီး,./dictionary/စပျစ်သီး.png
စပ်စု,./dictionary/စပ်စု.png
စမ်း(နှလုံးခုန်),./dictionary/စမ်း(နှလုံးခုန်).png
စျေး,./dictionary/စျေး.png
စျေး(၁),./dictionary/စျေး၁.png
စျေးဆိုင်,./dictionary/စျေးဆိုင်.png
စျေးနဲနဲကြီး,./dictionary/စျေးနဲနဲကြီး.png
စျေးလျော့,./dictionary/စျေးလျော့.png
စျေးအရမ်းကြီး,./dictionary/စျေးအရမ်းကြီး.png
စျေးအသင့်အတင့်ကြီး,./dictionary/စျေးအသင့်အတင့်ကြီး.png
စွန့်ပစ်,./dictionary/စွန့်ပစ်.png
စွမ်းအင်ဝန်ကြီးဌာန,./dictionary/စွမ်းအင်ဝန်ကြီးဌာန.png
စွဲလောင်,./dictionary/စွဲလောင်.png
စာ,./dictionary/စာ.png
စား,./dictionary/စား.png
စား(၁),./dictionary/စား၁.png
စာကြည့်တိုက်,./dictionary/စာကြည့်တိုက်.png
စာချုပ်,./dictionary/စာချုပ်.png
စားပွဲ,./dictionary/စားပွဲ.png
စားပွဲတင်တင်းနစ်,./dictionary/စားပွဲတင်တင်းနစ်.png
စားပွဲအောက်,./dictionary/စားပွဲအောက်.png
စားပွဲအောက်(၁),./dictionary/စားပွဲအောက်၁.png
စားပွဲအောက်ဝင်နေ,./dictionary/စားပွဲအောက်ဝင်နေ.png
စာဖတ်,./dictionary/စာဖတ်.png
စားဖိုးမှူး,./dictionary/စားဖိုးမှူး.png
စာမေးပွဲ,./dictionary/စာမေးပွဲ.png
စာရင်းစစ်ချုပ်ရုံး,./dictionary/စာရင်းစစ်ချုပ်ရုံး.png
စာရွက်,./dictionary/စာရွက်.png
စာရေးစာချီ,./dictionary/စာရေးစာချီ.png
စာလုံးပေါင်း,./dictionary/စာလုံးပေါင်း.png
စာသင်ယူ,./dictionary/စာသင်ယူ.png
စားသည်,./dictionary/စားသည်.png
စာအုပ်,./dictionary/စာအုပ်.png
စာအုပ်ပြ,./dictionary/စာအုပ်ပြ.png
စိတ်ငြိမ်ငြိမ်,./dictionary/စိတ်ငြိမ်ငြိမ်.png
စိတ်ငြိမ်ငြိမ်ထား,./dictionary/စိတ်ငြိမ်ငြိမ်ထား.png
စိတ်လှုပ်ရှား,./dictionary/စိတ်လှုပ်ရှား.png
စိုးစံ,./dictionary/စိုးစံ.png
စီးဆင်း,./dictionary/စီးဆင်း.png
စီးပွားပျက်ကပ်,./dictionary/စီးပွားပျက်ကပ်.png
စီးပွားရေးနှင့်ကူးသန်းရောင်းဝယ်ရေးဝန်ကြီးဌာန,./dictionary/စီးပွားရေးနှင့်ကူးသန်းရောင်းဝယ်ရေးဝန်ကြီးဌာန.png
စီးပွားရေးလုပ်ငန်းရှင်,./dictionary/စီးပွားရေးလုပ်ငန်းရှင်.png
စော,./dictionary/စော.png
စောင်,./dictionary/စောင်.png
စောင့်,./dictionary/စောင့်.png
စောင့်ကြည့်,./dictionary/စောင့်ကြည့်.png
စောင်ပတ်,./dictionary/စောင်ပတ်.png
စော်ဘွား,./dictionary/စော်ဘွား.png
ဆ,./dictionary/ဆ.png
ဆက်ခံ,./dictionary/ဆက်ခံ.png
ဆက်မောင်း,./dictionary/ဆက်မောင်း.png
ဆက်သွယ်ရေး၊ စာတိုက်နှင့် ကြေးနန်းဝန်ကြီးဌာန,./dictionary/ဆက်သွယ်ရေး၊ စာတိုက်နှင့် ကြေးနန်းဝန်ကြီးဌာန.png
ဆည်,./dictionary/ဆည်.png
ဆည်(၁),./dictionary/ဆည်၁.png
ဆည်(၂),./dictionary/ဆည်၂.png
ဆံပင်ညှပ်သမား,./dictionary/ဆံပင်ညှပ်သမား.png
ဆရာဝန်,./dictionary/ဆရာဝန်.png
ဆရာဝန်(Ygn),./dictionary/ဆရာဝန်(Ygn).png
ဆွေမျိုး,./dictionary/ဆွေမျိုး.png
ဆွေမျိုးသားချင်း,./dictionary/ဆွေမျိုးသားချင်း.png
ဆွဲထုတ်,./dictionary/ဆွဲထုတ်.png
ဆဠမတန်း,./dictionary/ဆဠမတန်း.png
ဆဠမနှစ်,./dictionary/ဆဠမနှစ်.png
ဆိတ်,./dictionary/ဆိတ်.png
ဆိပ်ကမ်း,./dictionary/ဆိပ်ကမ်း.png
ဆိုး,./dictionary/ဆိုး.png
ဆိုက်ကား,./dictionary/ဆိုက်ကား.png
ဆိုင်ကယ်,./dictionary/ဆိုင်ကယ်.png
ဆိုင်ကယ်(၁),./dictionary/ဆိုင်ကယ်၁.png
ဆိုင်ကယ်(၂),./dictionary/ဆိုင်ကယ်၂.png
ဆိုင်ကယ်ပေါ်ကပြုတ်ကျ,./dictionary/ဆိုင်ကယ်ပေါ်ကပြုတ်ကျ.png
ဆိုင်ကယ်မှောက်,./dictionary/ဆိုင်ကယ်မှောက်.png
ဆိုင်ကယ်လဲ,./dictionary/ဆိုင်ကယ်လဲ.png
ဆိုင်ကလုန်း,./dictionary/ဆိုင်ကလုန်း.png
ဆိုင်းဘုတ်,./dictionary/ဆိုင်းဘုတ်.png
ဆိုးတယ်,./dictionary/ဆိုးတယ်.png
ဆိုရှယ်လစ်ခေတ်,./dictionary/ဆိုရှယ်လစ်ခေတ်.png
ဆီး,./dictionary/ဆီး.png
ဆီးချို,./dictionary/ဆီးချို.png
ဆီထည့်,./dictionary/ဆီထည့်.png
ဆု,./dictionary/ဆု.png
ဆုတ်ခွာ,./dictionary/ဆုတ်ခွာ.png
ဆူနာမီလှိုင်း,./dictionary/ဆူနာမီလှိုင်း.png
ဆူမားရီးယားခေတ်,./dictionary/ဆူမားရီးယားခေတ်.png
ဆေး,./dictionary/ဆေး.png
ဆေး(၁),./dictionary/ဆေး၁.png
ဆေးကောင်တာ,./dictionary/ဆေးကောင်တာ.png
ဆေးခန်း,./dictionary/ဆေးခန်း.png
ဆေးခန်း(၁),./dictionary/ဆေးခန်း၁.png
ဆေးခွေ,./dictionary/ဆေးခွေ.png
ဆေးခဲ,./dictionary/ဆေးခဲ.png
ဆေးစစ်,./dictionary/ဆေးစစ်.png
ဆေးစစ်(၁),./dictionary/ဆေးစစ်၁.png
ဆေးဆိုင်,./dictionary/ဆေးဆိုင်.png
ဆေးတိုက်,./dictionary/ဆေးတိုက်.png
ဆေးထည့်,./dictionary/ဆေးထည့်.png
ဆေးထည့်(၁),./dictionary/ဆေးထည့်၁.png
ဆေးထိုး,./dictionary/ဆေးထိုး.png
ဆေးပေး,./dictionary/ဆေးပေး.png
ဆေးမတည့်,./dictionary/ဆေးမတည့်.png
ဆေးယူ,./dictionary/ဆေးယူ.png
ဆေးရည်,./dictionary/ဆေးရည်.png
ဆေးရုံ,./dictionary/ဆေးရုံ.png
ဆေးရုံ(Ygn),./dictionary/ဆေးရုံ(Ygn).png
ဆေးရုံကား,./dictionary/ဆေးရုံကား.png
ဆေးရုံတက်,./dictionary/ဆေးရုံတက်.png
ဆေးရုံတက်(၁),./dictionary/ဆေးရုံတက်၁.png
ဆေးရုံတင်,./dictionary/ဆေးရုံတင်.png
ဆေးလိပ်မီး,./dictionary/ဆေးလိပ်မီး.png
ဆေးဝယ်,./dictionary/ဆေးဝယ်.png
ဆေးသွင်း,./dictionary/ဆေးသွင်း.png
ဆေးသောက်,./dictionary/ဆေးသောက်.png
ဆောက်လုပ်ရေးဝန်ကြီးဌာန,./dictionary/ဆောက်လုပ်ရေးဝန်ကြီးဌာန.png
ဆောင်းရာသီ,./dictionary/ဆောင်းရာသီ.png
ဇ,./dictionary/ဇ.png
ဇ (YGN),./dictionary/ဇ (YGN).png
ဇီဝဗေဒ,./dictionary/ဇီဝဗေဒ.png
ဈ,./dictionary/ဈ.png
ဈ (YGN),./dictionary/ဈ (YGN).png
ဉ,./dictionary/ဉ.png
ည,./dictionary/ည.png
ည(၁),./dictionary/ည၁.png
ည(၂),./dictionary/ည၂.png
ည(၃),./dictionary/ည၃.png
ညစ်ပတ်,./dictionary/ညစ်ပတ်.png
ညနေ,./dictionary/ညနေ.png
ညနေ(၁),./dictionary/ညနေ၁.png
ညွှန်ကြားရေးမှူး,./dictionary/ညွှန်ကြားရေးမှူး.png
ညွှန်ကြားရေးမှူးချုပ်,./dictionary/ညွှန်ကြားရေးမှူးချုပ်.png
ညှပ်ရိုး,./dictionary/ညှပ်ရိုး.png
ညှပ်ရိုး,./dictionary/ညှပ်ရိုး၁.png
ညီ,./dictionary/ညီ.png
ညီမ,./dictionary/ညီမ.png
ညီမ(၁),./dictionary/ညီမ၁.png
ညောင်ရမ်းခေတ်,./dictionary/ညောင်ရမ်းခေတ်.png
ညောင်ဦးဖီး,./dictionary/ညောင်ဦးဖီး.png
ဋ,./dictionary/ဋ.png
ဋ (YGN),./dictionary/ဋ (YGN).png
ဌ,./dictionary/ဌ.png
ဌ (YGN),./dictionary/ဌ (YGN).png
ဍ,./dictionary/ဍ.png
ဍ (YGN),./dictionary/ဍ (YGN).png
ဎ,./dictionary/ဎ.png
ဎ (YGN),./dictionary/ဎ (YGN).png
ဏ,./dictionary/ဏ.png
ဏ (YGN),./dictionary/ဏ (YGN).png
တ,./dictionary/တ.png
တ (YGN),./dictionary/တ (YGN).png
တက္ကစီ,./dictionary/တက္ကစီ.png
တက္ကသိုလ်,./dictionary/တက္ကသိုလ်.png
တခြား,./dictionary/တခြား.png
တခြားလူ,./dictionary/တခြားလူ.png
တံခါး,./dictionary/တံခါး.png
တခါတည်း,./dictionary/တခါတည်း.png
တခါထဲ,./dictionary/တခါထဲ.png
တံခါးပေါက်,./dictionary/တံခါးပေါက်.png
တံခါးပေါက်(၁),./dictionary/တံခါးပေါက်၁.png
တံခါးဖွင့်,./dictionary/တံခါးဖွင့်.png
တင်ဆက်,./dictionary/တင်ဆက်.png
တင်မြှောက်,./dictionary/တင်မြှောက်.png
တစ်,./dictionary/တစ်.png
တစ်ကိုယ်လုံး,./dictionary/တစ်ကိုယ်လုံး.png
တစ်ကိုယ်လုံး(၁),./dictionary/တစ်ကိုယ်လုံး၁.png
တစ်ခါတည်း,./dictionary/တစ်ခါတည်း.png
တစ်ဆယ်,./dictionary/တစ်ဆယ်.png
တစ်ထောင်,./dictionary/တစ်ထောင်.png
တစ်ယောက်,./dictionary/တစ်ယောက်.png
တစ်ယောက်(၁),./dictionary/တစ်ယောက်၁.png
တစ်ယောက်(၂),./dictionary/တစ်ယောက်၂.png
တစ်ယောက်(၃),./dictionary/တစ်ယောက်၃.png
တစ်ယောက်(၄),./dictionary/တစ်ယောက်၄.png
တစ်သိန်း,./dictionary/တစ်သိန်း.png
တစ်သောင်း,./dictionary/တစ်သောင်း.png
တည်ထောင်,./dictionary/တည်ထောင်.png
တံတား,./dictionary/တံတား.png
တတိယတန်း,./dictionary/တတိယတန်း.png
တတိယနှစ်,./dictionary/တတိယနှစ်.png
တတိယမြန်မာနိုင်ငံတော်,./dictionary/တတိယမြန်မာနိုင်ငံတော်.png
တတိယအဆင့်,./dictionary/တတိယအဆင့်.png
တံတောင်ကွေး,./dictionary/တံတောင်ကွေး.png
တံတောင်ဆစ်,./dictionary/တံတောင်ဆစ်.png
တနင်္ဂနွေ,./dictionary/တနင်္ဂနွေ.png
တနင်္လာ,./dictionary/တနင်္လာ.png
တနင်္လာရီ,./dictionary/တနင်္လာရီ.png
တန်း,./dictionary/တန်း.png
တပ်မတော်နေ့,./dictionary/တပ်မတော်နေ့.png
တပ်မှူး,./dictionary/တပ်မှူး.png
တမံ,./dictionary/တမံ.png
တံမြက်လှဲ,./dictionary/တံမြက်လှဲ.png
တရက်,./dictionary/တရက်.png
တရားစီရင်,./dictionary/တရားစီရင်.png
တရားမျှတ,./dictionary/တရားမျှတ.png
တရားရုံး,./dictionary/တရားရုံး.png
တရားရုံးချုပ်,./dictionary/တရားရုံးချုပ်.png
တရားသံပျင်,./dictionary/တရားသံပျင်.png
တရုတ်,./dictionary/တရုတ်.png
တွားသွား,./dictionary/တွားသွား.png
တွားသွား(၁),./dictionary/တွားသွား၁.png
တွေ့,./dictionary/တွေ့.png
တွေ့(၁),./dictionary/တွေ့၁.png
တွေ့ရင်,./dictionary/တွေ့ရင်.png
တွေ့ရင်(၁),./dictionary/တွေ့ရင်၁.png
တွေ့ရင်(၂),./dictionary/တွေ့ရင်၂.png
တွေ့ရင်(၃),./dictionary/တွေ့ရင်၃.png
တာဝါတိုင်,./dictionary/တာဝါတိုင်.png
တာဝါတိုင်(၁),./dictionary/တာဝါတိုင်၁.png
တိမ်ထူ,./dictionary/တိမ်ထူ.png
တိရစ္ဆာန်,./dictionary/တိရစ္ဆာန်.png
တိုက်,./dictionary/တိုက်.png
တိုက်(၁),./dictionary/တိုက်၁.png
တို့ဗမာအစည်းအရုံး,./dictionary/တို့ဗမာအစည်းအရုံး.png
တုပ်ကွေး,./dictionary/တုပ်ကွေး.png
တော,./dictionary/တော.png
တောင်,./dictionary/တောင်.png
တောင်(၁),./dictionary/တောင်၁.png
တောင်ငူခေတ်,./dictionary/တောင်ငူခေတ်.png
တောင်စောင်း,./dictionary/တောင်စောင်း.png
တောင်စောင်း(၁),./dictionary/တောင်စောင်း၁.png
တောင်ပြို,./dictionary/တောင်ပြို.png
တောင်သူလယ်သမားနေ့,./dictionary/တောင်သူလယ်သမားနေ့.png
တောမီး,./dictionary/တောမီး.png
တော်တော်လေး,./dictionary/တော်တော်လေး.png
ထ,./dictionary/ထ.png
ထ (YGN),./dictionary/ထ (YGN).png
ထင်တယ်,./dictionary/ထင်တယ်.png
ထင်နေတယ်,./dictionary/ထင်နေတယ်.png
ထပ်ခါထပ်ခါ,./dictionary/ထပ်ခါထပ်ခါ.png
ထပ်တလဲလဲ,./dictionary/ထပ်တလဲလဲ.png
ထွက်ခွာ,./dictionary/ထွက်ခွာ.png
ထွက်ပြေး,./dictionary/ထွက်ပြေး.png
ထွက်ပြေး၁,./dictionary/ထွက်ပြေး၁.png
ထွက်ရပ်ဂိုဏ်း,./dictionary/ထွက်ရပ်ဂိုဏ်း.png
ထား,./dictionary/ထား.png
ထားထားပါ,./dictionary/ထားထားပါ.png
ထားလိုက်,./dictionary/ထားလိုက်.png
ထိ,./dictionary/ထိ.png
ထိခိုက်,./dictionary/ထိခိုက်.png
ထိခိုက်(၁),./dictionary/ထိခိုက်၁.png
ထိခိုက်(၂),./dictionary/ထိခိုက်၂.png
ထိတ်လန့်,./dictionary/ထိတ်လန့်.png
ထိုး,./dictionary/ထိုး.png
ထိုင်း,./dictionary/ထိုင်း.png
ထီးဆောင်း,./dictionary/ထီးဆောင်း.png
ထီးနန်း,./dictionary/ထီးနန်း.png
ထူထောင်,./dictionary/ထူထောင်.png
ထောပတ်သီး,./dictionary/ထောပတ်သီး.png
ထဲ,./dictionary/ထဲ.png
ထဲ (အိတ်ထဲ),./dictionary/ထဲ (အိတ်ထဲ).png
ထဲ(ခွက်),./dictionary/ထဲ(ခွက်).png
ဒ,./dictionary/ဒ.png
ဒဏ်ရာ,./dictionary/ဒဏ်ရာ.png
ဒဏ်ရာ(၁),./dictionary/ဒဏ်ရာ၁.png
ဒဏ်ရာ(၂),./dictionary/ဒဏ်ရာ၂.png
ဒဏ်ရာထဲဆေးထည့်,./dictionary/ဒဏ်ရာထဲဆေးထည့်.png
ဒဏ်ရာရ,./dictionary/ဒဏ်ရာရ.png
ဒလေဟာ,./dictionary/ဒလေဟာ.png
ဒဿမတန်း,./dictionary/ဒဿမတန်း.png
ဒဿမနှစ်,./dictionary/ဒဿမနှစ်.png
ဒိုင်အာခီအုပ်ချုပ်ရေး,./dictionary/ဒိုင်အာခီအုပ်ချုပ်ရေး.png
ဒီဂရီ,./dictionary/ဒီဂရီ.png
ဒီနေ့,./dictionary/ဒီနေ့.png
ဒီမှာ,./dictionary/ဒီမှာ.png
ဒီမိုကရေစီဝါဒ,./dictionary/ဒီမိုကရေစီဝါဒ.png
ဒီရေ,./dictionary/ဒီရေ.png
ဒု - ညွှန်ကြားရေးမှူး,./dictionary/ဒု - ညွှန်ကြားရေးမှူး.png
ဒု - ညွှန်ကြားရေးမှူးချုပ်,./dictionary/ဒု - ညွှန်ကြားရေးမှူးချုပ်.png
ဒု-ဝန်ကြီး,./dictionary/ဒု-ဝန်ကြီး.png
ဒုကၡ,./dictionary/ဒုကၡ.png
ဒုကၡ (သစ်ပင်ကျိုးကျဒုက္ခ),./dictionary/ဒုကၡ (သစ်ပင်ကျိုးကျဒုက္ခ).png
ဒုတိယတန်း,./dictionary/ဒုတိယတန်း.png
ဒုတိယနှစ်,./dictionary/ဒုတိယနှစ်.png
ဒုတိယမြန်မာနိုင်ငံတော်,./dictionary/ဒုတိယမြန်မာနိုင်ငံတော်.png
ဒုတိယအဆင့်,./dictionary/ဒုတိယအဆင့်.png
ဒူးရင်းသီး,./dictionary/ဒူးရင်းသီး.png
ဒေသ (မြေနိမ့်),./dictionary/ဒေသ (မြေနိမ့်).png
ဓ,./dictionary/ဓ.png
ဓား,./dictionary/ဓား.png
ဓာတ်ကြိုး,./dictionary/ဓာတ်ကြိုး.png
ဓါတ်ဆီ,./dictionary/ဓါတ်ဆီ.png
ဓာတ်ပုံ,./dictionary/ဓာတ်ပုံ.png
ဓာတ်မှန်,./dictionary/ဓာတ်မှန်.png
ဓာတ်မှန်ရိုက်,./dictionary/ဓာတ်မှန်ရိုက်.png
ဓာတ်မီး,./dictionary/ဓာတ်မီး.png
ဓါတ်မီး,./dictionary/ဓါတ်မီး.png
ဓာတ်လှေကား,./dictionary/ဓာတ်လှေကား.png
ဓာတ်လှေကား(၁),./dictionary/ဓာတ်လှေကား၁.png
ဓာတ်လိုက်,./dictionary/ဓာတ်လိုက်.png
ဓားနဲ့ထိုး,./dictionary/ဓားနဲ့ထိုး.png
ဓားပြ,./dictionary/ဓားမြ.png
ဓားပြ,./dictionary/ဓားပြ.png
ဓားပြ ဝင်တိုက်,./dictionary/ဓားပြ ဝင်တိုက်.png
ဓားပြတိုက်,./dictionary/ဓားပြတိုက်.png
န,./dictionary/န.png
နံ,./dictionary/နံ.png
န (YGN),./dictionary/န (YGN).png
နည်းနည်း,./dictionary/နည်းနည်း.png
နည်းပရိယာယ်,./dictionary/နည်းပရိယာယ်.png
နံတယ်,./dictionary/နံတယ်.png
နတ်ရွာစံ,./dictionary/နတ်ရွာစံ.png
နံနံပင်,./dictionary/နံနံပင်.png
နန်းစံ,./dictionary/နန်းစံ.png
နန်းတော်,./dictionary/နန်းတော်.png
နံပါတ်,./dictionary/နံပါတ်.png
နံပါတ်(၁),./dictionary/နံပါတ်၁.png
နံပါတ်ဘယ်လောက်လဲ,./dictionary/နံပါတ်ဘယ်လောက်လဲ.png
နဖူးကပ်,./dictionary/နဖူးကပ်.png
နံဘေးထိုး,./dictionary/နံဘေးထိုး.png
နယ်ချဲ့ဝါဒ,./dictionary/နယ်ချဲ့ဝါဒ.png
နယ်စပ်ဒေသနှင့်တိုင်းရင်းသားလူမျိုးများဖွံ့ဖြိုးတိုးတက်ရေးနှင့်စည်ပင်သာယာရေးဝန်ကြီးဌာန,./dictionary/တိုင်းရင်းသားလူမျိုးများဖွံ့ဖြိုးတိုးတက်ရေး.png
နံရံကပ်နေ,./dictionary/နံရံကပ်နေ.png
နံရံဆေးပန်းချီ,./dictionary/နံရံဆေးပန်းချီ.png
နဝမတန်း,./dictionary/နဝမတန်း.png
နဝမနှစ်,./dictionary/နဝမနှစ်.png
နွား,./dictionary/နွား.png
နွေ,./dictionary/နွေ.png
နှစ်,./dictionary/နှစ်.png
နှစ်(Year),./dictionary/နှစ်(Year).png
နှစ်ဆယ်,./dictionary/နှစ်ဆယ်.png
နှစ်ထောင်,./dictionary/နှစ်ထောင်.png
နှစ်မျိုးလုံး,./dictionary/နှစ်မျိုးလုံး.png
နှစ်သစ်ကူး,./dictionary/နှစ်သစ်ကူး.png
နှစ်သောင်း,./dictionary/နှစ်သောင်း.png
နှလုံး,./dictionary/နှလုံး.png
နှလုံးခုန်,./dictionary/နှလုံးခုန်.png
နှလုံးခုန်(၁),./dictionary/နှလုံးခုန်၁.png
နှလုံးခုန်နှုန်းစမ်း,./dictionary/နှလုံးခုန်နှုန်းစမ်း.png
နှလုံးခုန်မြန်,./dictionary/နှလုံးခုန်မြန်.png
နှလုံးနှိုး,./dictionary/နှလုံးနှိုး.png
နှာဆေး,./dictionary/နှာဆေး.png
နှိပ်,./dictionary/နှိပ်.png
နှိုး,./dictionary/နှိုး.png
နှိုးဆော်,./dictionary/နှိုးဆော်.png
နာ,./dictionary/နာ.png
နာ၁,./dictionary/နာ၁.png
နာကျင်,./dictionary/နာကျင်.png
နာဇီဝါဒ,./dictionary/နာဇီဝါဒ.png
နားမကြား,./dictionary/နားမကြား.png
နာမည်,./dictionary/နာမည်.png
နာမည်(Ygn),./dictionary/နာမည်(Ygn).png
နာမည်(YGN),./dictionary/နာမည်(Ygn)၁.png
နာရီ,./dictionary/နာရီ.png
နာရီ(၁),./dictionary/နာရီ၁.png
နာရီပေါင်း,./dictionary/နာရီပေါင်း.png
နာရီဝက်,./dictionary/နာရီဝက်.png
နိပ်(ခလုတ်),./dictionary/နိပ်(ခလုတ်).png
နို့,./dictionary/နို့.png
နိုင်ငံကူးလက်မှတ်,./dictionary/နိုင်ငံကူးလက်မှတ်.png
နိုင်ငံခြား,./dictionary/နိုင်ငံခြား.png
နိုင်ငံခြားကိုရောက်,./dictionary/နိုင်ငံခြားကိုရောက်.png
နိုင်ငံခြားရေးဝန်ကြီးဌာန,./dictionary/နိုင်ငံခြားရေးဝန်ကြီးဌာန.png
နိုင်ငံတော်ငြိမ်ဝတ်ပိပြားမှုတည်ဆောက်ရေးအဖွဲ့,./dictionary/နိုင်ငံတော်ငြိမ်ဝတ်ပိပြားမှုတည်ဆောက်ရေးအဖွဲ့.png
နိုင်ငံတော်အေးချမ်းသာယာရေးနှင့် ဖွံ့ဖြိုးရေးကောင်စီ,./dictionary/ဘန်ကောက်.png
နိုင်ငံတော်အေးချမ်းသာယာရေးနှင့် ဖွံ့ဖြိုးရေးကောင်စီရုံး,./dictionary/နိုင်ငံတော်အေးချမ်းသာယာရေးနှင့် ဖွံ့ဖြိုးရေးကောင်စီရုံး.png
နိုင်ငံရေး,./dictionary/နိုင်ငံရေး.png
နိုင်ရင်,./dictionary/နိုင်ရင်.png
နီးကပ်,./dictionary/နီးကပ်.png
နေ,./dictionary/နေ.png
နေကောင်း,./dictionary/နေကောင်း.png
နေပြည်တော်,./dictionary/နေပြည်တော်.png
နေပါ,./dictionary/နေပါ.png
နေပူ,./dictionary/နေပူ.png
နေရင်,./dictionary/နေရင်.png
နေရာ,./dictionary/နေရာ.png
နေရာ(၁),./dictionary/နေရာ၁.png
နေရာ(၂),./dictionary/နေရာ၂.png
နေရာ(၃),./dictionary/နေရာ၃.png
နေရာချထားသည်,./dictionary/နေရာချထားသည်.png
နေရာအနှံ့ရေကြီး,./dictionary/နေရာအနှံ့ရေကြီး.png
နေ့လည်,./dictionary/နေ့လည်.png
နေ့လယ်,./dictionary/နေ့လယ်.png
နေ့လယ်(၁),./dictionary/နေ့လယ်၁.png
နေသာတယ်,./dictionary/နေသာတယ်.png
နောက်ကျော,./dictionary/နောက်ကျော.png
နောက်ဆုံးတန်း,./dictionary/နောက်ဆုံးတန်း.png
နောက်ထပ်,./dictionary/နောက်ထပ်.png
နောက်ထပ်(၁),./dictionary/နောက်ထပ်၁.png
နောက်ပိုင်း,./dictionary/နောက်ပိုင်း.png
နောက်လာမယ့်,./dictionary/နောက်လာမယ့်.png
နဲ,./dictionary/နဲ.png
နဲနဲ,./dictionary/နဲနဲ.png
နဲနဲ(၁),./dictionary/နဲနဲ၁.png
နဲနဲချမ်း,./dictionary/နဲနဲချမ်း.png
နဲနဲအေး,./dictionary/နဲနဲအေး.png
ပ,./dictionary/ပ.png
ပ (YGN),./dictionary/ပ (YGN).png
ပင်းယခေတ်,./dictionary/ပင်းယခေတ်.png
ပင်လယ်,./dictionary/ပင်လယ်.png
ပင်လယ်အောက်,./dictionary/ပင်လယ်အောက်.png
ပစၥည်း,./dictionary/ပစၥည်း.png
ပစ္စည်းပြုတ်ကျ,./dictionary/ပစ္စည်းပြုတ်ကျ.png
ပစ်ချ,./dictionary/ပစ်ချ.png
ပစ်ချ(၁),./dictionary/ပစ်ချ၁.png
ပဉ္စမတန်း,./dictionary/ပဉ္စမတန်း.png
ပဉ္စမနှစ်,./dictionary/ပဉ္စမနှစ်.png
ပဉ္စမအဆင့်,./dictionary/ပဉ္စမအဆင့်.png
ပညာ,./dictionary/ပညာ.png
ပညာရေး,./dictionary/ပညာရေး.png
ပညာရေးဝန်ကြီးဌာန,./dictionary/ပညာရေးဝန်ကြီးဌာန.png
ပတ်ချည်,./dictionary/ပတ်ချည်.png
ပတ်တီးလိပ်,./dictionary/ပတ်တီးလိပ်.png
ပတ်တီးလိပ်(၁),./dictionary/ပတ်တီးလိပ်၁.png
ပတ်ထုပ်,./dictionary/ပတ်ထုပ်.png
ပတ်ထုပ် (စောင်နဲ့),./dictionary/ပတ်ထုပ် (စောင်နဲ့).png
ပတ်ဝန်းကျင်,./dictionary/ပတ်ဝန်းကျင်.png
ပတ်ဝန်းကျင်(၁),./dictionary/ပတ်ဝန်းကျင်၁.png
ပတ်ဝန်းကျင်(၂),./dictionary/ပတ်ဝန်းကျင်၂.png
ပထမတန်း,./dictionary/ပထမတန်း.png
ပထမနှစ်,./dictionary/ပထမနှစ်.png
ပထမမြန်မာနိုင်ငံတော်,./dictionary/ပထမမြန်မာနိုင်ငံတော်.png
ပထမအဆင့်,./dictionary/ပထမအဆင့်.png
ပထဝီ,./dictionary/ပထဝီ.png
ပဒေသရာဇ်,./dictionary/ပဒေသရာဇ်.png
ပန်း,./dictionary/ပန်း.png
ပန်းခြံ,./dictionary/ပန်းခြံ.png
ပန်းဂေါ်ဖီ,./dictionary/ပန်းဂေါ်ဖီ.png
ပန်းနာ,./dictionary/ပန်းနာ.png
ပန်းသီး,./dictionary/ပန်းသီး.png
ပျက်စီး,./dictionary/ပျက်စီး.png
ပျက်စီး(၁),./dictionary/ပျက်စီး၁.png
ပျံ့နှံ့,./dictionary/ပျံ့နှံ့.png
ပျံ့နှံ့(၁),./dictionary/ပျံ့နှံ့၁.png
ပျား,./dictionary/ပျား.png
ပျား(၁),./dictionary/ပျား၁.png
ပျားတုပ်,./dictionary/ပျားတုပ်.png
ပျားတုပ်(၁),./dictionary/ပျားတုပ်၁.png
ပျူခေတ်,./dictionary/ပျူခေတ်.png
ပျောက်,./dictionary/ပျောက်.png
ပျောက်(၁),./dictionary/ပျောက်၁.png
ပျောက်(၂),./dictionary/ပျောက်၂.png
ပရုတ်ဆီ,./dictionary/ပရုတ်ဆီ.png
ပရုတ်ဆီလိမ်း,./dictionary/ပရုတ်ဆီလိမ်း.png
ပြင်(ကွင်း),./dictionary/ပြင်(ကွင်း).png
ပြင်(ရေ),./dictionary/ပြင်(ရေ).png
ပြင်းထန်,./dictionary/ပြင်းထန်.png
ပြင်းထန်(၁),./dictionary/ပြင်းထန်၁.png
ပြင်ဦးလွင်,./dictionary/ပြင်ဦးလွင်.png
ပြစ်ဒဏ်,./dictionary/ပြစ်ဒဏ်.png
ပြည့်ကျပ်,./dictionary/ပြည့်ကျပ်.png
ပြည်ထောင်စုနေ့,./dictionary/ပြည်ထောင်စုနေ့.png
ပြည်ထဲရေးရာဝန်ကြီးဌာန,./dictionary/ပြည်ထဲရေးရာဝန်ကြီးဌာန.png
ပြည်လုံးကျွတ်ညီလာခံ,./dictionary/ပြည်လုံးကျွတ်ညီလာခံ.png
ပြဌာန်း,./dictionary/ပြဌာန်း.png
ပြတင်း,./dictionary/ပြတင်း.png
ပြတင်းပေါက်,./dictionary/ပြတင်းပေါက်.png
ပြန်ကြားရေးဝန်ကြီးဌာန,./dictionary/ပြန်ကြားရေးဝန်ကြီးဌာန.png
ပြန်ပေး(အမ်း),./dictionary/ပြန်ပေး(အမ်း).png
ပြပြ,./dictionary/ပြပြ.png
ပြဿနာ,./dictionary/ပြဿနာ.png
ပြိုကျ,./dictionary/ပြိုကျ.png
ပြိုင်,./dictionary/ပြိုင်.png
ပြီး,./dictionary/ပြီး.png
ပြီး၁,./dictionary/ပြီး၁.png
ပြီးပြီ,./dictionary/ပြီးပြီ.png
ပြီးပြီလား,./dictionary/ပြီးပြီလား.png
ပြုတ်ကျ,./dictionary/ပြုတ်ကျ.png
ပြေး,./dictionary/ပြေး.png
ပြေး(၁),./dictionary/ပြေး၁.png
ပြေးထွက် (အိမ်ထဲက),./dictionary/ပြေးထွက် (အိမ်ထဲက).png
ပြေးလွှား,./dictionary/ပြေးလွှား.png
ပြောင်း,./dictionary/ပြောင်း.png
ပလပ်တပ်,./dictionary/ပလပ်တပ်.png
ပလပ်တပ်(၁),./dictionary/ပလပ်တပ်၁.png
ပလာစတာ,./dictionary/ပလာစတာ.png
ပါကစ္စတန်,./dictionary/ပါကစ္စတန်.png
ပါသွား,./dictionary/ပါသွား.png
ပိဋကတ်သုံးပုံ,./dictionary/ပိဋကတ်သုံးပုံ.png
ပိတ်,./dictionary/ပိတ်.png
ပိတ်ဆို့,./dictionary/ပိတ်ဆို့.png
ပိန်ရှုံ့,./dictionary/ပိန်ရှုံ့.png
ပိရမစ်,./dictionary/ပိရမစ်.png
ပိဿာ,./dictionary/ပိဿာ.png
ပို့,./dictionary/ပို့.png
ပိုက်ဆံ,./dictionary/ပိုက်ဆံ.png
ပိုက်ဆံခိုး,./dictionary/ပိုက်ဆံခိုး.png
ပိုက်ဆံအိတ်,./dictionary/ပိုက်ဆံအိတ်.png
ပိုက်ဆံအိတ်(၁),./dictionary/ပိုက်ဆံအိတ်၁.png
ပိုက်ဆံအိတ်(၂),./dictionary/ပိုက်ဆံအိတ်၂.png
ပိုက်လိုင်း,./dictionary/ပိုက်လိုင်း.png
ပိုင်,./dictionary/ပိုင်.png
ပို့ဆောင်ရေးဝန်ကြီးဌာန,./dictionary/ပို့ဆောင်ရေးဝန်ကြီးဌာန.png
ပိုးသတ်ဆေး,./dictionary/ပိုးသတ်ဆေး.png
ပုဂံ,./dictionary/ပုဂံ.png
ပုဂံခေတ်,./dictionary/ပုဂံခေတ်.png
ပုစွန်,./dictionary/ပုစွန်.png
ပုစွန်(၁),./dictionary/ပုစွန်၁.png
ပုန်ကန်,./dictionary/ပုန်ကန်.png
ပုပ္ပါးတောင်,./dictionary/ပုပ္ပါးတောင်.png
ပုလင်း,./dictionary/ပုလင်း.png
ပုလင်း(၁),./dictionary/ပုလင်း၁.png
ပုံသဏ္ဍာန်,./dictionary/ပုံသဏ္ဍာန်.png
ပူဇောပသ,./dictionary/ပူဇောပသ.png
ပူပြင်း,./dictionary/ပူပြင်း.png
ပေ,./dictionary/ပေ.png
ပေး,./dictionary/ပေး.png
ပေ(၁),./dictionary/ပေ၁.png
ပေးပါ,./dictionary/ပေးပါ.png
ပေးပါ(၁), ./dictionary/ပေးပါ၁.png
ပေါက်ကရ,./dictionary/ပေါက်ကရ.png
ပေါက်ကရ(၁),./dictionary/ပေါက်ကရ၁.png
ပေါက်ကွဲ,./dictionary/ပေါက်ကွဲ.png
ပေါင်,./dictionary/ပေါင်.png
ပေါင်း,./dictionary/ပေါင်း.png
ပေါင်ပို,./dictionary/ပေါင်ပို.png
ပေါ်ပေါက်,./dictionary/ပေါ်ပေါက်.png
ပဲ့ကျ (မြေကြီး),./dictionary/ပဲ့ကျ (မြေကြီး).png
ပဲတောင့်ရှည်,./dictionary/ပဲတောင့်ရှည်.png
ဖ,./dictionary/ဖ.png
ဖ (YGN),./dictionary/ဖ (YGN).png
ဖ.ဆ.ပ.လခေတ်,./dictionary/ဖ.ဆ.ပ.လခေတ်.png
ဖက်ဆစ်ဝါဒ,./dictionary/ဖက်ဆစ်ဝါဒ.png
ဖန်,./dictionary/ဖန်.png
ဖမ်း,./dictionary/ဖမ်း.png
ဖမ်း(၁),./dictionary/ဖမ်း၁.png
ဖယောင်းတိုင်,./dictionary/ဖယောင်းတိုင်.png
ဖျော်,./dictionary/ဖျော်.png
ဖရိုဖရဲ,./dictionary/ဖရိုဖရဲ.png
ဖရဲသီး,./dictionary/ဖရဲသီး.png
ဖြစ်ချင်တာဖြစ်,./dictionary/ဖြစ်ချင်တာဖြစ်.png
ဖြစ်နေရင်,./dictionary/ဖြစ်နေရင်.png
ဖြစ်သွားရင်,./dictionary/ဖြစ်သွားရင်.png
ဖြန်း,./dictionary/ဖြန်း.png
ဖြန်း(၁),./dictionary/ဖြန်း၁.png
ဖြေနိုင်တယ်,./dictionary/ဖြေနိုင်တယ်.png
ဖြေနိုင်လား,./dictionary/ဖြေနိုင်လား.png
ဖွင့်,./dictionary/ဖွင့်.png
ဖိထား,./dictionary/ဖိထား.png
ဖိနပ်,./dictionary/ဖိနပ်.png
ဖိနပ်စွပ်,./dictionary/ဖိနပ်စွပ်.png
ဖိနပ်စီး,./dictionary/ဖိနပ်စီး.png
ဖိလစ်ပိုင်,./dictionary/ဖိလစ်ပိုင်.png
ဖုထ,./dictionary/ဖုထ.png
ဖုန်း,./dictionary/ဖုန်း.png
ဖုန်းခေါ်,./dictionary/ဖုန်းခေါ်.png
ဖုန်းဆက်,./dictionary/ဖုန်းဆက်.png
ဖုန်းမိုးကြိုးပစ်,./dictionary/ဖုန်းမိုးကြိုးပစ်.png
ဖုန်းသုံး,./dictionary/ဖုန်းသုံး.png
ဖုံးအုပ်,./dictionary/ဖုံးအုပ်.png
ဖူးယောင်,./dictionary/ဖူးယောင်.png
ဖူးရောင်,./dictionary/ဖူးရောင်.png
ဗ,./dictionary/ဗ.png
ဗ (YGN),./dictionary/ဗ (YGN).png
ဗွက်အိုင်,./dictionary/ဗွက်အိုင်.png
ဗိသုကာ,./dictionary/ဗိသုကာ.png
ဗိုလ်မြတ်ထွန်း,./dictionary/ဗိုလ်မြတ်ထွန်း.png
ဗီယက်နမ်,./dictionary/ဗီယက်နမ်.png
ဗုဒ္ဓဘာသာ,./dictionary/ဗုဒ္ဓဘာသာ.png
ဗုဒ္ဓဟူးနေ့,./dictionary/ဗုဒ္ဓဟူးနေ့.png
ဘ,./dictionary/ဘ.png
ဘင်္ဂလားဒေ့(ရှ်),./dictionary/ဘင်္ဂလားဒေ့(ရှ်).png
ဘဏ္ဍာရေးနှင့် အခွန်ဝန်ကြီးဌာန,./dictionary/ဘဏ္ဍာရေးနှင့် အခွန်ဝန်ကြီးဌာန.png
ဘဏ်,./dictionary/ဘဏ်.png
ဘဏ်တိုက်,./dictionary/ဘဏ်တိုက်.png
ဘတ်စကတ်ဘော,./dictionary/ဘတ်စကတ်ဘော.png
ဘတ်စ်ကား,./dictionary/ဘတ်စ်ကား.png
ဘတ်စ်ကား(၁),./dictionary/ဘတ်စ်ကား၁.png
ဘန်ကောက်,./dictionary/ဘန်ကောက်.png
ဘယ်နေရာလဲ,./dictionary/ဘယ်နေရာလဲ.png
ဘယ်မှာလဲ,./dictionary/ဘယ်မှာလဲ.png
ဘယ်လို,./dictionary/ဘယ်လို.png
ဘယ်လိုကြောင့်လဲ,./dictionary/ဘယ်လိုကြောင့်လဲ.png
ဘယ်လိုအကြောင့်ကြောင့်လဲ,./dictionary/ဘယ်လိုအကြောင့်ကြောင့်လဲ.png
ဘယ်လောက်,./dictionary/ဘယ်လောက်.png,
ဘယ်လောက်လဲ,./dictionary/ဘယ်လောက်လဲ.png
ဘယ်လဲ,./dictionary/ဘယ်လဲ.png
ဘယ်သူ,./dictionary/ဘယ်သူ.png
ဘာဖြစ်,./dictionary/ဘာဖြစ်.png
ဘာဖြစ်(၁),./dictionary/ဘာဖြစ်၁.png
ဘာဖြစ်လို့လဲ,./dictionary/ဘာဖြစ်လို့လဲ.png
ဘာဖြစ်လဲ,./dictionary/ဘာဖြစ်လဲ.png
ဘာလဲ,./dictionary/ဘာလဲ.png
ဘာလဲ(၁),./dictionary/ဘာလဲ၁.png
ဘာလဲ(၂),./dictionary/ဘာလဲ၂.png
ဘာသာ (ကိုးကွယ်သည့်),./dictionary/ဘာသာ(ကိုးကွယ်သည့်).png
ဘာသာရပ်,./dictionary/ဘာသာရပ်.png
ဘာအတွက်လဲ,./dictionary/ဘာအတွက်လဲ.png
ဘိလိယက်,./dictionary/ဘိလိယက်.png
ဘိသိတ်,./dictionary/ဘိသိတ်.png
ဘုန်းလက်ရုံး,./dictionary/ဘုန်းလက်ရုံး.png
ဘုရင်,./dictionary/ဘုရင်.png
ဘုရင့်နောင်,./dictionary/ဘုရင့်နောင်.png
ဘုရား,./dictionary/ဘုရား.png
ဘူး,./dictionary/ဘူး.png
ဘူး(၁),./dictionary/ဘူး၁.png
ဘူး(မီးသတ်ဘူး),./dictionary/ဘူး(မီးသတ်ဘူး).png
ဘူး(အနီ),./dictionary/ဘူး(အနီ).png
ဘူတာ,./dictionary/ဘူတာ.png
ဘူတာကြီး,./dictionary/ဘူတာကြီး.png
ဘေးချ,./dictionary/ဘေးချ.png
ဘေဘီလိုးနီးယားခေတ်,./dictionary/ဘေဘီလိုးနီးယားခေတ်.png
ဘေးအိမ်,./dictionary/ဘေးအိမ်.png
ဘောဂဗေဒ,./dictionary/ဘောဂဗေဒ.png
ဘောလုံး,./dictionary/ဘောလုံး.png
ဘောလုံး(၁),./dictionary/ဘောလုံး၁.png
ဘောလုံးပွဲ,./dictionary/ဘောလုံးပွဲ.png
ဘော်လီဘော,./dictionary/ဘော်လီဘော.png
မ,./dictionary/မ.png
မကောင်း,./dictionary/မကောင်း.png
မဂၤလာပါ,./dictionary/မဂၤလာပါ.png
မင်း,./dictionary/မင်း.png
မင်း(၁),./dictionary/မင်း၁.png
မင်း(၂),./dictionary/မင်း၂.png
မင်းကျင့်တရား,./dictionary/မင်းကျင့်တရား.png
မင်းကွန်း,./dictionary/မင်းကွန်း.png
မင်းဂွတ်သီး,./dictionary/မင်းဂွတ်သီး.png
မင်းဆက်များ,./dictionary/မင်းဆက်များ.png
မင်းတုန်းမင်း,./dictionary/မင်းတုန်းမင်း.png
မင်းသမီး,./dictionary/မင်းသမီး.png
မင်းသား,./dictionary/မင်းသား.png
မဆိုးဘူး,./dictionary/မဆိုးဘူး.png
မတည့်,./dictionary/မတည့်.png
မတွေ့,./dictionary/မတွေ့.png
မတိုင်ခင်,./dictionary/မတိုင်ခင်.png
မတ်တပ်ရပ်,./dictionary/မတ်တပ်ရပ်.png
မတ်တပ်ရပ်(၁),./dictionary/မတ်တပ်ရပ်၁.png
မနက်,./dictionary/မနက်.png
မနက်(၁),./dictionary/မနက်၁.png
မနက်(၂),./dictionary/မနက်၂.png
မနက်(၃),./dictionary/မနက်၃.png
မနက်ဖြန်,./dictionary/မနက်ဖြန်.png
မနေ့က,./dictionary/မနေ့က.png
မန္တလေး,./dictionary/မန္တလေး.png
မန္တလေး(၁),./dictionary/မန္တလေး၁.png
မဖြစ်,./dictionary/မဖြစ်.png
မဖြစ်နဲ့,./dictionary/မဖြစ်နဲ့.png
မဖြစ်သေး,./dictionary/မဖြစ်သေး.png
မဖြစ်သေးခင်,./dictionary/မဖြစ်သေးခင်.png
မဖြေနိုင်ဘူး,./dictionary/မဖြေနိုင်ဘူး.png
မံမီ,./dictionary/မံမီ.png
မျက်စဉ်းဆေး,./dictionary/မျက်စဉ်းဆေး.png
မျက်စဉ်းဆေးဘူး,./dictionary/မျက်စဉ်းဆေးဘူး.png
မျက်စိ,./dictionary/မျက်စိ.png
မျက်စိ(၁),./dictionary/မျက်စိ၁.png
မျက်စိဝါး,./dictionary/မျက်စိဝါး.png
မျက်နှာ,./dictionary/မျက်နှာ.png
မျက်နှာနီယား,./dictionary/မျက်နှာနီယား.png
မျက်နှာအုပ်,./dictionary/မျက်နှာအုပ်.png
မျှစ်,./dictionary/မျှစ်.png
မျှော်,./dictionary/မျှော်.png
မျှော်စင်,./dictionary/မျှော်စင်.png
မျှော်စင်(၁),./dictionary/မျှော်စင်၁.png
များ,./dictionary/များ.png
များတယ်,./dictionary/များတယ်.png
များတယ်(၁),./dictionary/များတယ်၁.png
များလား,./dictionary/များလား.png
မျိုချ,./dictionary/မျိုချ.png
မရခက်,./dictionary/မရခက်.png
မရဘူးလား,./dictionary/မရဘူးလား.png
မရှိ,./dictionary/မရှိ.png
မြင်,./dictionary/မြင်.png
မြင်(၁),./dictionary/မြင်၁.png
မြစ်,./dictionary/မြစ်.png
မြစ်(၁),./dictionary/မြစ်၁.png
မြစ်နှစ်မွှာမြစ်ဝှမ်းဒေသ,./dictionary/မြစ်နှစ်မွှာမြစ်ဝှမ်းဒေသ.png
မြစ်ရေ,./dictionary/မြစ်ရေ.png
မြန်မြန်,./dictionary/မြန်မြန်.png
မြန်မြန်မြန်မြန်,./dictionary/မြန်မြန်မြန်မြန်.png
မြန်မာ,./dictionary/မြန်မာ.png
မြွေ,./dictionary/မြွေ.png
မြွေကိုက်,./dictionary/မြွေကိုက်.png
မြွေကိုက်ခံရ,./dictionary/မြွေကိုက်ခံရ.png
မြေကြီး,./dictionary/မြေကြီး.png
မြေနိမ့်,./dictionary/မြေနိမ့်.png
မြေပဲ,./dictionary/မြေပဲ.png
မြောင်း, ./dictionary/မြောင်း.png
မြောင်း(၁),./dictionary/မြောင်း၁.png
မလုပ်,./dictionary/မလုပ်.png
မလုပ်(၁),./dictionary/မလုပ်၁.png
မလုပ်နဲ့,./dictionary/မလုပ်နဲ့.png
မလုပ်နဲ့(၁),./dictionary/မလုပ်နဲ့၁.png
မလုပ်ရ,./dictionary/မလုပ်ရ.png
မလုပ်သင့်,./dictionary/မလုပ်သင့်.png
မလေးရှား,./dictionary/မလေးရှား.png
မွေး,./dictionary/မွေး.png
မွေး(၁),./dictionary/မွေး၁.png
မွေးနေ့,./dictionary/မွေးနေ့.png
မွေးမြူရေးနှင့် ရေလုပ်ငန်းဝန်ကြီးဌာန,./dictionary/မွေးမြူရေးနှင့် ရေလုပ်ငန်းဝန်ကြီးဌာန.png
မသုံးနဲ့,./dictionary/မသုံးနဲ့.png
မသေချာ,./dictionary/မသေချာ.png
မဟာတံတိုင်းကြီး,./dictionary/မဟာတံတိုင်းကြီး.png
မဟာဗန္ဓုလ,./dictionary/မဟာဗန္ဓုလ.png
မဟုတ်,./dictionary/မဟုတ်.png
မဟုတ်ဘူး,./dictionary/မဟုတ်ဘူး.png
မဟုတ်ဘူးမဟုတ်ဘူး,./dictionary/မဟုတ်ဘူးမဟုတ်ဘူး.png
မှတ်,./dictionary/မှတ်.png
မှတ်(၁),./dictionary/မှတ်၁.png
မှတ်ပုံတင်,./dictionary/မှတ်ပုံတင်.png
မှတ်ပုံတင်(၁),./dictionary/မှတ်ပုံတင်၁.png
မှတ်မိတယ်,./dictionary/မှတ်မိတယ်.png
မှန်,./dictionary/မှန်.png
မှန်သုတ်,./dictionary/မှန်သုတ်.png
မှန်အကွဲ,./dictionary/မှန်အကွဲ.png
မှို,./dictionary/မှို.png
မှုန့်,./dictionary/မှုန့်.png
မှူးမတ်,./dictionary/မှူးမတ်.png
မာ,./dictionary/မာ.png
မိနစ်,./dictionary/မိနစ်.png
မိန်းကလေး,./dictionary/မိန်းကလေး.png
မိန်းကလေး(၁),./dictionary/မိန်းကလေး၁.png
မိန်းချ,./dictionary/မိန်းချ.png
မိဖုရား,./dictionary/မိဖုရား.png
မိသားစု,./dictionary/မိသားစု.png
မိသားစု(၁),./dictionary/မိသားစု၁.png
မိသားစု(၂),./dictionary/မိသားစု၂.png
မိုး,./dictionary/မိုး.png
မိုးကြိုးပစ်ခြင်း,./dictionary/မိုးကြိုးပစ်ခြင်း.png
မိုးကြီး,./dictionary/မိုးကြီး.png
မိုးကာ,./dictionary/မိုးကာ.png
မိုးချုပ်,./dictionary/မိုးချုပ်.png
မိုးချုပ်(၁),./dictionary/မိုးချုပ်၁.png
မိုင်,./dictionary/မိုင်.png
မိုင်တိုင်,./dictionary/မိုင်တိုင်.png
မိုင်နှုန်း,./dictionary/မိုင်နှုန်း.png
မိုင်နှုန်းကျော်,./dictionary/မိုင်နှုန်းကျော်.png
မိုးဖွဲ,./dictionary/မိုးဖွဲ.png
မိုးရွာ,./dictionary/မိုးရွာ.png
မိုးရာသီ,./dictionary/မိုးရာသီ.png
မိုးလေဝသ,./dictionary/မိုးလေဝသ.png
မိုးအုံ့,./dictionary/မိုးအုံ့.png
မီး,./dictionary/မီး.png
မီးကပ်,./dictionary/မီးကပ်.png
မီးကပ်(၁),./dictionary/မီးကပ်၁.png
မီးကပ်နဲ့ရိုက်ပုတ်,./dictionary/မီးကပ်နဲ့ရိုက်ပုတ်.png
မီးချိတ်,./dictionary/မီးချိတ်.png
မီးခြစ်,./dictionary/မီးခြစ်.png
မီးခလုတ်,./dictionary/မီးခလုတ်.png
မီးငြိမ်း,./dictionary/မီးငြိမ်း.png
မီးစွဲလောင်,./dictionary/မီးစွဲလောင်.png
မီးပိတ်,./dictionary/မီးပိတ်.png
မီးပူတိုက်,./dictionary/မီးပူတိုက်.png
မီးဖြတ်,./dictionary/မီးဖြတ်.png
မီးမွှေး,./dictionary/မီးမွှေး.png
မီးမှုတ်,./dictionary/မီးမှုတ်.png
မီးလင်း,./dictionary/မီးလင်း.png
မီးလောင်,./dictionary/မီးလောင်.png
မီးလောင်(၁),./dictionary/မီးလောင်၁.png
မီးလောင်များ,./dictionary/မီးလောင်များ.png
မီးလောင်များလား,./dictionary/မီးလောင်များလား.png
မီးသတ်,./dictionary/မီးသတ်.png
မီးသတ်ကားလာရင်,./dictionary/မီးသတ်ကားလာရင်.png
မီးသတ်သမား,./dictionary/မီးသတ်သမား.png
မုန့်,./dictionary/မုန့်.png
မုန်းညင်းဖြူ,./dictionary/မုန်းညင်းဖြူ.png
မုန်တိုင်း,./dictionary/မုန်တိုင်း.png
မုန်တိုင်း(၁),./dictionary/မုန်တိုင်း၁.png
မုန်လာဥနီ,./dictionary/မုန်လာဥနီ.png
မုန်လာဥဖြူ,./dictionary/မုန်လာဥဖြူ.png
မုန့်ဟင်းခါး,./dictionary/မုန့်ဟင်းခါး.png
မူကြို,./dictionary/မူကြို.png
မူလတန်း,./dictionary/မူလတန်း.png
မော,./dictionary/မော.png
မောင်လေး,./dictionary/မောင်လေး.png
မောင်းသွား,./dictionary/မောင်းသွား.png
မော်တော်ဆိုင်ကယ်,./dictionary/မော်တော်ဆိုင်ကယ်.png
ယ,./dictionary/ယ.png
ယ (YGN),./dictionary/ယ (YGN).png
ယဉ်ကျေးမှု,./dictionary/ယဉ်ကျေးမှု.png
ယဉ်ကျေးမှုဝန်ကြီးဌာန,./dictionary/ယဉ်ကျေးမှုဝန်ကြီးဌာန.png
ယာဉ်မောင်း,./dictionary/ယာဉ်မောင်း.png
ယားယံ,./dictionary/ယားယံ.png
ယိုစိမ့်,./dictionary/ယိုစိမ့်.png
ယူ,./dictionary/ယူ.png
ယူလာ,./dictionary/ယူလာ.png
ယူလာ(၁), ./dictionary/ယူလာ၁.png
ယူလာ(၂),./dictionary/ယူလာ၂.png
ယူသွား,./dictionary/ယူသွား.png
ယောက်ျားလေး,./dictionary/ယောက်ျားလေး.png
ျ,./dictionary/ျ.png
ရ,./dictionary/ရ.png
ရ (YGN),./dictionary/ရ (YGN).png
ရက်,./dictionary/ရက်.png
ရက်(၁),./dictionary/ရက်၁.png
ရင်,./dictionary/ရင်.png
ရင်ကျပ်,./dictionary/ရင်ကျပ်.png
ရင်ကြပ်ပန်းနာရောဂါ,./dictionary/ရင်ကြပ်ပန်းနာရောဂါ.png
ရင်ခုန်,./dictionary/ရင်ခုန်.png
ရင်ဘတ်အောင့်,./dictionary/ရင်ဘတ်အောင့်.png
ရည်းစား,./dictionary/ရည်းစား.png
ရည်းစား(၁),./dictionary/ရည်းစား၁.png
ရတနာပုံခေတ်,./dictionary/ရတနာပုံခေတ်.png
ရတယ်,./dictionary/ရတယ်.png
ရထား,./dictionary/ရထား.png
ရထား(၁),./dictionary/ရထား၁.png
ရထားပို့ဆောင်ရေးဝန်ကြီးဌာန,./dictionary/ရထားပို့ဆောင်ရေးဝန်ကြီးဌာန.png
ရန်ကုန်,./dictionary/ရန်ကုန်.png
ရန်ကုန်(၁),./dictionary/ရန်ကုန်၁.png
ရပ်,./dictionary/ရပ်.png
ရပ်(၁),./dictionary/ရပ်၁.png
ရပ်ကွက်,./dictionary/ရပ်ကွက်.png
ရပ်ပါ,./dictionary/ရပ်ပါ.png
ရယူ,./dictionary/ရယူ.png
ရလား,./dictionary/ရလား.png
ရွပ်ရွပ်ချွံချွံ,./dictionary/ရွပ်ရွပ်ချွံချွံ.png
ရွှေဖရုံသီး,./dictionary/ရွှေဖရုံသီး.png
ရွာ,./dictionary/ရွာ.png
ရွာ(၁),./dictionary/ရွာ၁.png
ရွေးကောက်ပွဲ,./dictionary/ရွေးကောက်ပွဲ.png
ရှစ်,./dictionary/ရှစ်.png
ရှစ်ထောင်,./dictionary/ရှစ်ထောင်.png
ရှစ်သောင်း,./dictionary/ရှစ်သောင်း.png
ရှမ်းခေါက်ဆွဲ,./dictionary/ရှမ်းခေါက်ဆွဲ.png
ရှိ,./dictionary/ရှိ.png
ရှိတယ်,./dictionary/ရှိတယ်.png
ရှိပါ,./dictionary/ရှိပါ.png
ရှိလား(၁),./dictionary/ရှိလား၁.png
ရှိလား(၂),./dictionary/ရှိလား၂.png
ရှိလား(၃),./dictionary/ရှိလား၃.png
ရှိလား(၄),./dictionary/ရှိလား၄.png
ရှေ့ဆုံးတန်း,./dictionary/ရှေ့ဆုံးတန်း.png
ရှေ့နေ,./dictionary/ရှေ့နေ.png
ရှေ့နေချုပ်ရုံး,./dictionary/ရှေ့နေချုပ်ရုံး.png
ရှေးဦးလူ,./dictionary/ရှေးဦးလူ.png
ရှော့,./dictionary/ရှော့.png
ရှောက်ချိုသီး,./dictionary/ရှောက်ချိုသီး.png
ရှောက်သီး,./dictionary/ရှောက်သီး.png
ရှောင်,./dictionary/ရှောင်.png
ရှောင်(၁),./dictionary/ရှောင်၁.png
ရှောင်(၂),./dictionary/ရှောင်၂.png
ရာဇပလ္လင်,./dictionary/ရာဇပလ္လင်.png
ရာဇသံ,./dictionary/ရာဇသံ.png
ရာထူး,./dictionary/ရာထူး.png
ရာဘာ,./dictionary/ရာဘာ.png
ရာသီ,./dictionary/ရာသီ.png
ရာသီဥတု,./dictionary/ရာသီဥတု.png
ရိက္ခာ,./dictionary/ရိက္ခာ.png
ရိုက်,./dictionary/ရိုက်.png
ရိုက်နှက်,./dictionary/ရိုက်နှက်.png
ရိုက်ပုတ်,./dictionary/ရိုက်ပုတ်.png
ရိုက်ပုတ်ငြှိမ်းသတ်,./dictionary/ရိုက်ပုတ်ငြှိမ်းသတ်.png
ရုံး,./dictionary/ရုံး.png
ရုန်း,./dictionary/ရုန်း.png
ရုန်း(၁),./dictionary/ရုန်း၁.png
ရုပ်ကြွ,./dictionary/ရုပ်ကြွ.png
ရုပ်ရှင်,./dictionary/ရုပ်ရှင်.png
ရုပ်အလောင်း,./dictionary/ရုပ်အလောင်း.png
ရူပဗေဒ,./dictionary/ရူပဗေဒ.png
ရေ,./dictionary/ရေ.png
ရေး,./dictionary/ရေး.png
ရေး(၁),./dictionary/ရေး၁.png
ရေကျ,./dictionary/ရေကျ.png
ရေကြီး,./dictionary/ရေကြီး.png
ရေကြီး (မြေနိမ့်),./dictionary/ရေကြီး (မြေနိမ့်).png
ရေကြီး(၁),./dictionary/ရေကြီး၁.png
ရေကြီး(၂),./dictionary/ရေကြီး၂.png
ရေကြီး(မြေနိမ့်နေရာတွင်),./dictionary/ရေကြီး(မြေနိမ့်နေရာတွင်).png
ရေကြီးနေတယ်,./dictionary/ရေကြီးနေတယ်.png
ရေကူး,./dictionary/ရေကူး.png
ရေကူး(၁),./dictionary/ရေကူး၁.png
ရေချိုး,./dictionary/ရေချိုး.png
ရေခွက်,./dictionary/ရေခွက်.png
ရေစွတ်,./dictionary/ရေစွတ်.png
ရေစိမ်,./dictionary/ရေစိမ်.png
ရေစို,./dictionary/ရေစို.png
ရေစိုနေ,./dictionary/ရေစိုနေ.png
ရေစု,./dictionary/ရေစု.png
ရေညှစ်,./dictionary/ရေညှစ်.png
ရေတံခွန်,./dictionary/ရေတံခွန်.png
ရေဒီယို,./dictionary/ရေဒီယို.png
ရေနစ်,./dictionary/ရေနစ်.png
ရေနစ်နေ,./dictionary/ရေနစ်နေ.png
ရေနွေးပူလောင်,./dictionary/ရေနွေးပူလောင်.png
ရေပိုက်ပေါက်,./dictionary/ရေပိုက်ပေါက်.png
ရေပိုက်ယို,./dictionary/ရေပိုက်ယို.png
ရေပုံး,./dictionary/ရေပုံး.png
ရေဘူး,./dictionary/ရေဘူး.png
ရေမြောင်း,./dictionary/ရေမြောင်း.png
ရေလျှံ,./dictionary/ရေလျှံ.png
ရေလျှံကျ,./dictionary/ရေလျှံကျ.png
ရေလွှမ်းမိုး,./dictionary/ရေလွှမ်းမိုး.png
ရေလောင်း,./dictionary/ရေလောင်း.png
ရေဝင်,./dictionary/ရေဝင်.png
ရေအပြည့်,./dictionary/ရေအပြည့်.png
ရောဂါ,./dictionary/ရောဂါ.png
ရောဂါ(၁),./dictionary/ရောဂါ၁.png
ရောဂါကူးစက်,./dictionary/ရောဂါကူးစက်.png
ရောဂါပိုး,./dictionary/ရောဂါပိုး.png
ရောမ,./dictionary/ရောမ.png
ရဲ,./dictionary/ရဲ.png
ရဲဘော်,./dictionary/ရဲဘော်.png
ြ,./dictionary/ြ.png
လ,./dictionary/လ.png
လ(Month),./dictionary/လ(Month).png
လက်,./dictionary/လက်.png
လက်(၁),./dictionary/လက်၁.png
လက်(၂),./dictionary/လက်၂.png
လက်ကျိုးသွား,./dictionary/လက်ကျိုးသွား.png
လက်ကျိုးသွား(၁),./dictionary/လက်ကျိုးသွား၁.png
လက်ဆွဲပုံး,./dictionary/လက်ဆွဲပုံး.png
လက်ထည့်,./dictionary/လက်ထည့်.png
လက်ထပ်,./dictionary/လက်ထပ်.png
လက်ထောက်ညွှန်ကြားရေးမှူး,./dictionary/လက်ထောက်ညွှန်ကြားရေးမှူး.png
လက်ဖဝါးကသွေးထွက်,./dictionary/လက်ဖဝါးကသွေးထွက်.png
လက်မ,./dictionary/လက်မ.png
လက်မှတ်,./dictionary/လက်မှတ်.png
လက်မှတ် (YGN),./dictionary/လက်မှတ် (YGN).png
လက်မှုပညာ,./dictionary/လက်မှုပညာ.png
လက်ရှ,./dictionary/လက်ရှ.png
လက်လှုပ်,./dictionary/လက်လှုပ်.png
လက်လှုပ်(၁),./dictionary/လက်လှုပ်၁.png
လက်ဝှေ့,./dictionary/လက်ဝှေ့.png
လက်သမား,./dictionary/လက်သမား.png
လက်အပူလောင်,./dictionary/လက်အပူလောင်.png
လက်အိတ်,./dictionary/လက်အိတ်.png
လစ်ဘရယ်ဝါဒ,./dictionary/လစ်ဘရယ်ဝါဒ.png
လည်းချောင်း,./dictionary/လည်းချောင်း.png
လည်ရှည်ဖိနပ်,./dictionary/လည်ရှည်ဖိနပ်.png
လပြည့်နေ့,./dictionary/လပြည့်နေ့.png
လမ်း,./dictionary/လမ်း.png
လမ်း(၁),./dictionary/လမ်း၁.png
လမ်း(၂),./dictionary/လမ်း၂.png
လမ်း(၃),./dictionary/လမ်း၃.png
လမ်းပိတ်,./dictionary/လမ်းပိတ်.png
လမ်းပိတ်(၁),./dictionary/လမ်းပိတ်၁.png
လမ်းဖယ်,./dictionary/လမ်းဖယ်.png
လမ်းရှင်း,./dictionary/လမ်းရှင်း.png
လမ်းရှင်းပေးပါ,./dictionary/လမ်းရှင်းပေးပါ.png
လမ်းလျှောက်လာ,./dictionary/လမ်းလျှောက်လာ.png
လယ်ယာစိုက်ပျိုးရေးနှင့်ဆည်မြောင်းဝန်ကြီးဌာန,./dictionary/လယ်ယာစိုက်ပျိုးရေးနှင့်ဆည်မြောင်းဝန်ကြီးဌာန.png
လျှံ,./dictionary/လျှံ.png
လျှံကျ,./dictionary/လျှံကျ.png
လျှင်,./dictionary/လျှင်.png
လျှံတက်,./dictionary/လျှံတက်.png
လျှပ်စစ်,./dictionary/လျှပ်စစ်.png
လျှပ်စစ်(၁),./dictionary/လျှပ်စစ်၁.png
လျှပ်စစ်(၂),./dictionary/လျှပ်စစ်၂.png
လျှပ်စစ်ကြိုး,./dictionary/လျှပ်စစ်ကြိုး.png
လျှပ်စစ်စွမ်းအားဝန်ကြီးဌာန,./dictionary/လျှပ်စစ်စွမ်းအားဝန်ကြီးဌာန.png
လျှပ်တပြက်,./dictionary/လျှပ်တပြက်.png
လျှောက်ပြော,./dictionary/လျှောက်ပြော.png
လျှောက်ပြောနေ,./dictionary/လျှောက်ပြောနေ.png
လွတ်လပ်ပြီးခေတ်,./dictionary/လွတ်လပ်ပြီးခေတ်.png
လွတ်လပ်ရေးနေ့,./dictionary/လွတ်လပ်ရေးနေ့.png
လွန်ကဲ,./dictionary/လွန်ကဲ.png
လွယ်ကူ,./dictionary/လွယ်ကူ.png
လွှတ်တော်,./dictionary/လွှတ်တော်.png
လှည်းကျင်း,./dictionary/လှည်းကျင်း.png
လှည်းကျင်း(၁),./dictionary/လှည်းကျင်း၁.png
လှည်းတန်း,./dictionary/လှည်းတန်း.png
လှမ်းခေါ်,./dictionary/လှမ်းခေါ်.png
လှမ်းခေါ်(၁),./dictionary/လှမ်းခေါ်၁.png
လှိမ့်ကျ (လှေကားက),./dictionary/လှိမ့်ကျ (လှေကားက).png
လှုပ်,./dictionary/လှုပ်.png
လှုပ်(၁),./dictionary/လှုပ်၁.png
လှေကား,./dictionary/လှေကား.png
လှေကား(၁),./dictionary/လှေကား၁.png
လှေကားပြုတ်ကျ,./dictionary/လှေကားပြုတ်ကျ.png
လှေကားပြုတ်ကျ(၁),./dictionary/လှေကားပြုတ်ကျ၁.png
လှေကားအပေါ်တက်,./dictionary/လှေကားအပေါ်တက်.png
လှောင်,./dictionary/လှောင်.png
လှဲချ,./dictionary/လှဲချ.png
လှဲချ လူးလိမ့်,./dictionary/လှဲချ လူးလိမ့်.png
လှဲချ(၁),./dictionary/လှဲချ၁.png
လာ,./dictionary/လာ.png
လာကြ,./dictionary/လာကြ.png
လာနေပီ,./dictionary/လာနေပီ.png
လာပါ,./dictionary/လာပါ.png
လာပါဦး,./dictionary/လာပါဦး.png
လာပါဦး(၁),./dictionary/လာပါဦး၁.png
လာမယ်,./dictionary/လာမယ်.png
လာမယ်(၁),./dictionary/လာမယ်၁.png
လာလမ်း,./dictionary/လာလမ်း.png
လာလမ်း(၁),./dictionary/လာလမ်း၁.png
လာအို,./dictionary/လာအို.png
လိမ္မော်ရောင်,./dictionary/လိမ္မော်ရောင်.png
လိမ္မော်သီး,./dictionary/လိမ္မော်သီး.png
လိမ်း,./dictionary/လိမ်း.png
လိမ်း(၁),./dictionary/လိမ်း၁.png
လိမ်းဆေး,./dictionary/လိမ်းဆေး.png
လိမ်းဆေးအပူ,./dictionary/လိမ်းဆေးအပူ.png
လိမ့်မယ်,./dictionary/လိမ့်မယ်.png
လိုက်နိုင်ပါတယ်,./dictionary/လိုက်နိုင်ပါတယ်.png
လိုချင်,./dictionary/လိုချင်.png
လိုင်းကြိုး,./dictionary/လိုင်းကြိုး.png
လုံခြုံ,./dictionary/လုံခြုံ.png
လုပ်,./dictionary/လုပ်.png
လုပ်(၁),./dictionary/လုပ်၁.png
လုပ်ကြံ,./dictionary/လုပ်ကြံ.png
လုပ်ရမယ်,./dictionary/လုပ်ရမယ်.png
လုယူ,./dictionary/လုယူ.png
လုယူ(၁),./dictionary/လုယူ၁.png
လုံးဝ,./dictionary/လုံးဝ.png
လုံးဝတပ်မထား,./dictionary/လုံးဝတပ်မထား.png
လူ,./dictionary/လူ.png
လူကျပ်,./dictionary/လူကျပ်.png
လူကိုကားတိုက်,./dictionary/လူကိုကားတိုက်.png
လူစု,./dictionary/လူစု.png
လူတစ်ယောက်,./dictionary/လူတစ်ယောက်.png
လူတွေ,./dictionary/လူတွေ.png
လူနာတင်,./dictionary/လူနာတင်.png
လူနာတင်ယာဉ်,./dictionary/လူနာတင်ယာဉ်.png
လူများ,./dictionary/လူများ.png
လူမျိုးကြီးဝါဒ,./dictionary/လူမျိုးကြီးဝါဒ.png
လူမှုကယ်ဆယ်ရေးနှင့်ပြန်လည်နေရာချထားရေးဝန်ကြီးဌာန,./dictionary/လူမှုကယ်ဆယ်ရေး.png
လူးလှိမ့်,./dictionary/လူးလှိမ့်.png
လူဝင်မှုကြီးကြပ်ရေးနှင့် ပြည်သူ့အင်အားဝန်ကြီးဌာန,./dictionary/လူဝင်မှုကြီးကြပ်ရေးနှင့် ပြည်သူ့အင်အားဝန်ကြီးဌာန.png
လေ,./dictionary/လေ.png
လေး,./dictionary/လေး.png
လေငြိမ်,./dictionary/လေငြိမ်.png
လေဆင်နှာမောင်း,./dictionary/လေဆင်နှာမောင်း.png
လေးဆယ်,./dictionary/လေးဆယ်.png
လေတိုက်တယ်,./dictionary/လေတိုက်တယ်.png
လေးထောင်,./dictionary/လေးထောင်.png
လေပြွန်,./dictionary/လေပြွန်.png
လေဖြတ်,./dictionary/လေဖြတ်.png
လေမတိုက်,./dictionary/လေမတိုက်.png
လေမုန်တိုင်း,./dictionary/လေမုန်တိုင်း.png
လေမုန်တိုင်း(၁),./dictionary/လေမုန်တိုင်း၁.png
လေယာဉ်,./dictionary/လေယာဉ်.png
လေးသောင်း,./dictionary/လေးသောင်း.png
လောင်းထည့်,./dictionary/လောင်းထည့်.png
လဲကျ,./dictionary/လဲကျ.png
လဲကျ(၁),./dictionary/လဲကျ၁.png
ဝ,./dictionary/ဝ.png
ဝက်သား,./dictionary/ဝက်သား.png
ဝင်,./dictionary/ဝင်.png
ဝင်နေ,./dictionary/ဝင်နေ.png
ဝင်နေ(၁),./dictionary/ဝင်နေ၁.png
ဝတ်ဆင်,./dictionary/ဝတ်ဆင်.png
ဝတ်ပြီး,./dictionary/ဝတ်ပြီး.png
ဝန်ကြီး,./dictionary/ဝန်ကြီး.png
ဝန်ကြီးချုပ်ရုံး,./dictionary/ဝန်ကြီးချုပ်ရုံး.png
ဝန်ကြီးဌာန,./dictionary/ဝန်ကြီးဌာန.png
ဝန်ခံ,./dictionary/ဝန်ခံ.png
ဝန်ထမ်းရွေးချယ်လေ့ကျင့်ရေးအဖွဲ့,./dictionary/ဝန်ထမ်းရွေးချယ်လေ့ကျင့်ရေးအဖွဲ့.png
ဝန်မင်း,./dictionary/ဝန်မင်း.png
ဝမ်းရောဂါ,./dictionary/ဝမ်းရောဂါ.png
ဝမ်းလျော,./dictionary/ဝမ်းလျော.png
ဝမ်းသာ./dictionary/ဝမ်းသာ.png,
ဝယ်ချင်,./dictionary/ဝယ်ချင်.png
ဝယ်မယ်,./dictionary/ဝယ်မယ်.png
ဝံသာနု,./dictionary/ဝံသာနု.png
ဝါး,./dictionary/ဝါး.png
ဝါ(ရေ),./dictionary/ဝါ(ရေ).png
ဝါဒ,./dictionary/ဝါဒ.png
ဝါယာကြိုး,./dictionary/ဝါယာကြိုး.png
ဝါယာရှော့,./dictionary/ဝါယာရှော့.png
ဝါသနာ,./dictionary/ဝါသနာ.png
ဝိုင်.အမ်.စီ.အေ,./dictionary/ဝိုင်.အမ်.စီ.အေ.png
ဝိုင်းအုံ,./dictionary/ဝိုင်းအုံ.png
ဝေးလား,./dictionary/ဝေးလား.png
ဝေးဝေးရှောင်,./dictionary/ဝေးဝေးရှောင်.png
ွ,./dictionary/ွ.png
သ,./dictionary/သ.png
သ (YGN),./dictionary/သ (YGN).png
သက်သေ,./dictionary/သက်သေ.png
သခွားသီး,./dictionary/သခွားသီး.png
သင်တန်း,./dictionary/သင်တန်း.png
သင်ယူ,./dictionary/သင်ယူ.png
သင်္ကြန်,./dictionary/သင်္ကြန်.png
သင်္ကေတ,./dictionary/သင်္ကေတ.png
သင်္ချာ,./dictionary/သင်္ချာ.png
သင်္ချိုင်း,./dictionary/သင်္ချိုင်း.png
သင်္ဘော,./dictionary/သင်္ဘော.png
သင်္ဘောဆိပ်,./dictionary/သင်္ဘောဆိပ်.png
သင်္ဘောသီး,./dictionary/သင်္ဘောသီး.png
သစ်ကိုင်း,./dictionary/သစ်ကိုင်း.png
သစ်တောရေးရာဝန်ကြီးဌာန,./dictionary/သစ်တောရေးရာဝန်ကြီးဌာန.png
သစ်တော်သီး,./dictionary/သစ်တော်သီး.png
သစ်ပင်,./dictionary/သစ်ပင်.png
သစ်ပင်ကြီး,./dictionary/သစ်ပင်ကြီး.png
သစ်ပင်ခုတ်,./dictionary/သစ်ပင်ခုတ်.png
သစ်ပင်စိုက်,./dictionary/သစ်ပင်စိုက်.png
သစ်ပင်ယိမ်းထိုး,./dictionary/သစ်ပင်ယိမ်းထိုး.png
သစ်ပင်လဲကျ,./dictionary/သစ်ပင်လဲကျ.png
သစ်ပင်သစ်ကိုင်း,./dictionary/သစ်ပင်သစ်ကိုင်း.png
သစ်ပင်အောက်,./dictionary/သစ်ပင်အောက်.png
သစ်သားမီးခြစ်,./dictionary/သစ်သားမီးခြစ်.png
သစ်သီးများ,./dictionary/သစ်သီးများ.png
သတင်း,./dictionary/သတင်း.png
သတင်း(၁),./dictionary/သတင်း၁.png
သတင်း(၂),./dictionary/သတင်း၂.png
သတင်း(၃),./dictionary/သတင်း၃.png
သတင်း(၄),./dictionary/သတင်း၄.png
သတင်း(၅),./dictionary/သတင်း၅.png
သတင်း(၆),./dictionary/သတင်း၆.png
သတိ,./dictionary/သတိ.png
သတိ(၁),./dictionary/သတိ၁.png
သတိ(၂),./dictionary/သတိ၂.png
သတိထား,./dictionary/သတိထား.png
သတိထား(၁),./dictionary/သတိထား၁.png
သတိမေ့,./dictionary/သတိမေ့.png
သတိရှိ,./dictionary/သတိရှိ.png
သတိရှိ(၁),./dictionary/သတိရှိ၁.png
သတိရှိ(၂),./dictionary/သတိရှိ၂.png
သတိရှိပါ,./dictionary/သတိရှိပါ.png
သတိလစ်,./dictionary/သတိလစ်.png
သတိလစ်(၁), ./dictionary/သတိလစ်၁.png
သတိလစ်(၂),./dictionary/သတိလစ်၂.png
သတ္တပတ်,./dictionary/သတ္တပတ်.png
သတ္တမတန်း,./dictionary/သတ္တမတန်း.png
သတ္တမနှစ်,./dictionary/သတ္တမနှစ်.png
သတ္တုတွင်းဝန်ကြီးဌာန,./dictionary/သတ္တုတွင်းဝန်ကြီးဌာန.png
သတ်မှတ်,./dictionary/သတ်မှတ်.png
သတ်မှတ်(၁),./dictionary/သတ်မှတ်၁.png
သနပ်ခါး,./dictionary/သနပ်ခါး.png
သနပ်ခါးသွေး,./dictionary/သနပ်ခါးသွေး.png
သန့်ရှင်း,./dictionary/သန့်ရှင်း.png
သံပုရာသီး,./dictionary/သံပုရာသီး.png
သဘက်ခါ,./dictionary/သဘက်ခါ.png
သဘာဝ,./dictionary/သဘာဝ.png
သဘာဝ(၁),./dictionary/သဘာဝ၁.png
သမဝါယမဝန်ကြီးဌာန,./dictionary/သမဝါယမဝန်ကြီးဌာန.png
သမိုင်း,./dictionary/သမိုင်း.png
သမီး,./dictionary/သမီး.png
သမ္မတ,./dictionary/သမ္မတ.png
သရက်သီး,./dictionary/သရက်သီး.png
သြဇာသီး,./dictionary/သြဇာသီး.png
သြဇာအာဏာ,./dictionary/သြဇာအာဏာ.png
သံလိုက်ဓာတ်,./dictionary/သံလိုက်ဓာတ်.png
သွား,./dictionary/သွား.png
သွား(၁),./dictionary/သွား၁.png
သွား(၁),./dictionary/သွား၂.png
သွားကိုက်,./dictionary/သွားကိုက်.png
သွားစိုက်,./dictionary/သွားစိုက်.png
သွားနှုတ်,./dictionary/သွားနှုတ်.png
သွားများ,./dictionary/သွားများ.png
သွားသည်,./dictionary/သွားသည်.png
သွားသည်(၁),./dictionary/သွားသည်၁.png
သွားသည်(၂),./dictionary/သွားသည်၂.png
သွေး,./dictionary/သွေး.png
သွေး(၁),./dictionary/သွေး၁.png
သွေးစမ်း,./dictionary/သွေးစမ်း.png
သွေးတက်,./dictionary/သွေးတက်.png
သွေးထွက်,./dictionary/သွေးထွက်.png
သွေးထွက်(၁),./dictionary/သွေးထွက်၁.png
သွေးထွက်လွန်,./dictionary/သွေးထွက်လွန်.png
သွေးပေါင်,./dictionary/သွေးပေါင်.png
သွေးပေါင်ချိန်,./dictionary/သွေးပေါင်ချိန်.png
သွေးပေါင်ချိန်(၁),./dictionary/သွေးပေါင်ချိန်၁.png
သွေးပေါင်ချိန်(၂),./dictionary/သွေးပေါင်ချိန်၂.png
သွေးသွင်း,./dictionary/သွေးသွင်း.png
သား,./dictionary/ကျေးဇူးတင်ပါတယ်.png
သားရေ,./dictionary/သားရေ.png
သာသနာရေးဝန်ကြီးဌာန,./dictionary/သာသနာရေးဝန်ကြီးဌာန.png
သိ,./dictionary/သိ.png
သိ(၁), ./dictionary/သိ၁.png
သိတယ်,./dictionary/သိတယ်.png
သိတယ်(၁),./dictionary/သိတယ်၁.png
သိတယ်သိတယ်,./dictionary/သိတယ်သိတယ်.png
သိပ္ပံနှင့်နည်းပညာဝန်ကြီးဌာန,./dictionary/သိပ္ပံနှင့်နည်းပညာဝန်ကြီးဌာန.png
သိပ်မကောင်းဘူး,./dictionary/သိပ်မကောင်းဘူး.png
သိပ်မကောင်းဘူး(၁),./dictionary/သိပ်မကောင်းဘူး၁.png
သိပ်မဆိုးဘူး,./dictionary/သိပ်မကောင်းဘူး.png
သိပ်မဖြေနိုင်ဘူး,./dictionary/သိပ်မဖြေနိုင်ဘူး.png
သိပ်မမြင်ရ,./dictionary/သိပ်မမြင်ရ.png
သိမ်း,./dictionary/သိမ်း.png
သိမ်းထား,./dictionary/သိမ်းထား.png
သိမ်းသွင်း,./dictionary/သိမ်းသွင်း.png
သိလား,./dictionary/သိလား.png
သိလား(၁), ./dictionary/သိလား၁.png
သိုလှောင်,./dictionary/သိုလှောင်.png
သီတင်းကျွတ်,./dictionary/သီတင်းကျွတ်.png
သီပေါမင်း,./dictionary/သီပေါမင်း.png
သုံး,./dictionary/သုံး.png
သုံးဆယ်,./dictionary/သုံးဆယ်.png
သုည,./dictionary/သုည.png
သုံးထောင်,./dictionary/သုံးထောင်.png
သုံးသောင်း,./dictionary/သုံးသောင်း.png
သူ,./dictionary/သူ.png
သူ(၁),./dictionary/သူ၁.png
သူခိုး,./dictionary/သူခိုး.png
သူခိုး(၁),./dictionary/သူခိုး၁.png
သူခိုး(၂),./dictionary/သူခိုး၂.png
သူခိုး(၃),./dictionary/သူခိုး၃.png
သူခိုး(၄),./dictionary/သူခိုး၄.png
သူခိုးခိုး,./dictionary/သူခိုးခိုး.png
သူငယ်ချင်း,./dictionary/သူငယ်ချင်း.png
သူငယ်ချင်းအိမ်,./dictionary/သူငယ်ချင်းအိမ်.png
သူငယ်တန်း,./dictionary/သူငယ်တန်း.png
သူနာပြု,./dictionary/သူနာပြု.png
သူနာပြုသေတ္တာ,./dictionary/သူနာပြုသေတ္တာ.png
သူများ,./dictionary/သူများ.png
သူများ(၁),./dictionary/သူများ၁.png
သူရဲကောင်း,./dictionary/သူရဲကောင်း.png
သေ,./dictionary/သေ.png
သေး,./dictionary/သေး.png
သေ(၁),./dictionary/သေ၁.png
သောကြာ,./dictionary/သောကြာ.png
သောကြာနေ့,./dictionary/သောကြာနေ့.png
သောက်,./dictionary/သောက်.png
သောင်း,./dictionary/သောင်း.png
သဲ,./dictionary/သဲ.png
ဿ,./dictionary/ဿ.png
ဟ,./dictionary/ဟ.png
ဟ (YGN),./dictionary/ဟ (YGN).png
ဟင်း,./dictionary/ဟင်း.png
ဟင်းနုနွယ်,./dictionary/ဟင်းနုနွယ်.png
ဟင်းသီးဟင်းရွက်,./dictionary/ဟင်းသီးဟင်းရွက်.png
ဟင့်အင်း,./dictionary/ဟင့်အင်း.png
ဟံသာဝတီခေတ်,./dictionary/ဟံသာဝတီခေတ်.png
ဟိန္ဒူဘာသာ,./dictionary/ဟိန္ဒူဘာသာ.png
ဟိုတယ်နှင့်ခရီးသွားလာရေးဝန်ကြီးဌာန,./dictionary/ဟိုတယ်နှင့်ခရီးသွားလာရေးဝန်ကြီးဌာန.png
ဟိုတုန်းက,./dictionary/ဟိုတုန်းက.png
ဟိုမှာ,./dictionary/ဟိုမှာ.png
ဟေ့,./dictionary/ဟေ့.png
ဟေ့,./dictionary/ဟေ့၁.png
ှ,./dictionary/ှ.png
ဠ,./dictionary/ဠ.png
အ,./dictionary/အ.png
အကျယ်,./dictionary/အကျယ်.png
အကြမ်းဖက်ဝါဒ,./dictionary/အကြမ်းဖက်ဝါဒ.png
အကြောင်းကြောင့်,./dictionary/အကြောင်းကြောင့်.png
အကြော်အလှော်,./dictionary/အကြော်အလှော်.png
အကွက်,./dictionary/အကွက်.png
အကွက်အကွက်,./dictionary/အကွက်အကွက်.png
အကုန်,./dictionary/အကုန်.png
အကူအညီတောင်း,./dictionary/အကူအညီတောင်း.png
အကူအညီတောင်းပါ,./dictionary/အကူအညီတောင်းပါ.png
အကောင်းဆုံး,./dictionary/အကောင်းဆုံး.png
အခက်အခဲ,./dictionary/အခက်အခဲ.png
အခန်း,./dictionary/အခန်း.png
အခန်းအပြင်,./dictionary/အခန်းအပြင်.png
အခမ်းအနား,./dictionary/အခမ်းအနား.png
အချက်,./dictionary/အချက်.png
အချက်များ,./dictionary/အချက်များ.png
အချိန်,./dictionary/အချိန်.png
အချိန်ကျော်,./dictionary/အချိန်ကျော်.png
အချို,./dictionary/အချို.png
အခြောက်,./dictionary/အခြောက်.png
အခြောက်(ရေညှစ်ထားသော),./dictionary/အခြောက်(ရေညှစ်ထားသော).png
အခွန်,./dictionary/အခွန်.png
အခါး,./dictionary/အခါး.png
အခိုးအငွေ့,./dictionary/အခိုးအငွေ့.png
အခု,./dictionary/အခု.png
အခု(၁),./dictionary/အခု၁.png
အခေါင်း,./dictionary/အခေါင်း.png
အငန်,./dictionary/အငန်.png
အငွေ့ (ဆေးခွေ),./dictionary/အငွေ့ (ဆေးခွေ).png
အင်ဂျင်နီယာ,./dictionary/အင်ဂျင်နီယာ.png
အင်တာနက်,./dictionary/အင်တာနက်.png
အင်တာနက်၁,./dictionary/အင်တာနက်၁.png
အင်ဒိုနီးရှား,./dictionary/အင်ဒိုနီးရှား.png
အင်းလေး,./dictionary/အင်းလေး.png
အင်းဝခေတ်,./dictionary/အင်းဝခေတ်.png
အင်္ကျီ,./dictionary/အင်္ကျီ.png
အင်္ဂလိပ်,./dictionary/အင်္ဂလိပ်.png
အင်္ဂလိပ်ကိုလိုနီခေတ်,./dictionary/အင်္ဂလိပ်ကိုလိုနီခေတ်.png
အင်္ဂါနေ့,./dictionary/အင်္ဂါနေ့.png
အစက်အစက်,./dictionary/အစက်အစက်.png
အစည်းအဝေး,./dictionary/အစည်းအဝေး.png
အစပ်,./dictionary/အစပ်.png
အစား,./dictionary/အစား.png
အစာစား,./dictionary/အစာစား.png
အစာမတည့်,./dictionary/အစာမတည့်.png
အစိမ်းရောင်,./dictionary/အစိမ်းရောင်.png
အစိမ်းရောင်(ygn),./dictionary/အစိမ်းရောင်(ygn).png
အစီအစဉ်,./dictionary/အစီအစဉ်.png
အစ္စလာမ်ဘာသာ,./dictionary/အစ္စလာမ်ဘာသာ.png
အစ်ကို,./dictionary/အစ်ကို.png
အစ်ကို(၁),./dictionary/အစ်ကို၁.png
အစ်မ,./dictionary/အစ်မ.png
အစ်မ(၁),./dictionary/အစ်မ၁.png
အဆင့်ငါး,./dictionary/အဆင့် ၅.png
အဆင့်တစ်,./dictionary/အဆင့် ၁.png
အဆင့်နှစ်,./dictionary/အဆင့် ၂.png
အဆင်ပြေလား,./dictionary/အဆင်ပြေလား.png
အဆင့်လေး,./dictionary/အဆင့် ၄.png
အဆင်သင့်,./dictionary/အဆင်သင့်.png
အဆင့်သုံး,./dictionary/အဆင့် ၃.png
အဆိပ်,./dictionary/အဆိပ်.png
အဆိပ်(၁),./dictionary/အဆိပ်၁.png
အဆီ,./dictionary/အဆီ.png
အဆီးရီးယားခေတ်,./dictionary/အဆီးရီးယားခေတ်.png
အဆုတ်,./dictionary/အဆုတ်.png
အဆောက်အဦး,./dictionary/အဆောက်အဦး.png
အဆောက်အဦး(၁),./dictionary/အဆောက်အဦး၁.png
အညိဳရောင်,./dictionary/အညိဳရောင်.png
အညိုရောင်(ygn),./dictionary/အညိုရောင်(ygn).png
အတက်လမ်း,./dictionary/အတက်လမ်း.png
အတန်း,./dictionary/အတန်း.png
အတွေးအခေါ်ပညာရှင်,./dictionary/အတွေးအခေါ်ပညာရှင်.png
အတိုင်းအတာ,./dictionary/အတိုင်းအတာ.png
အတူတူ,./dictionary/အတူတူ.png
အထက်တန်း,./dictionary/အထက်တန်း.png
အထပ်,./dictionary/အထပ်.png
အထပ်မြင့်,./dictionary/အထပ်မြင့်.png
အထပ်မြင့်(၁),./dictionary/အထပ်မြင့်၁.png
အထပ်မြင့်အဆောက်အဦး,./dictionary/အထပ်မြင့်အဆောက်အဦး.png
အထိ,./dictionary/အထိ.png
အထူးတန်း,./dictionary/အထူးတန်း.png
အထဲမှာ,./dictionary/အထဲမှာ.png
အဒေါ်,./dictionary/အဒေါ်.png
အဓိက,./dictionary/အဓိက.png
အဓိကရုဏ်း,./dictionary/အဓိကရုဏ်း.png
အနံ,./dictionary/အနံ.png
အနံ႔ရ,./dictionary/အနံ႔ရ.png
အနားတဝိုက်,./dictionary/အနားတဝိုက်.png
အနီး,./dictionary/အနီး.png
အနီရောင်,./dictionary/အနီရောင်.png
အနီရောင်(ygn),./dictionary/အနီရောင်(ygn).png
အနီးအနား,./dictionary/အနီးအနား.png
အနုပညာ,./dictionary/အနုပညာ.png
အနုပညာရှင်,./dictionary/အနုပညာရှင်.png
အနော်ရထာ,./dictionary/အနော်ရထာ.png
အန္တရာယ်,./dictionary/အန္တရာယ်.png
အန္တရာယ်ကြီး,./dictionary/အန္တရာယ်ကြီး.png
အပျို၊လူပျို,./dictionary/အပျို၊လူပျို.png
အပျိုတော်,./dictionary/အပျိုတော်.png
အပြန်,./dictionary/အပြန်.png
အပြာရောင်,./dictionary/အပြာရောင်.png
အပြေး,./dictionary/အပြေး.png
အပို,./dictionary/အပို.png
အပူ(ပရုတ်ဆီ),./dictionary/အပူ(ပရုတ်ဆီ).png
အပူချိန်,./dictionary/အပူချိန်.png
အပူလောင်,./dictionary/အပူလောင်.png
အပေါ်,./dictionary/အပေါ်.png
အဖျား,./dictionary/အဖျား.png
အဖျားတက်,./dictionary/အဖျားတက်.png
အဖြူရောင်,./dictionary/အဖြူရောင်.png
အဖြူရောင်,./dictionary/အဖြူရောင်၁.png
အဖြေစာရွက်,./dictionary/အဖြေစာရွက်.png
အဖေ,./dictionary/အဖေ.png
အဖေ(၁),./dictionary/အဖေ၁.png
အများကြီး,./dictionary/အများကြီး.png
အများကြီးပဲ,./dictionary/အများကြီးပဲ.png
အမျိုး,./dictionary/အမျိုး.png
အမျိုးမျိုး,./dictionary/အမျိုးမျိုး.png
အမျိုးသမီး,./dictionary/အမျိုးသမီး.png
အမျိုးသား,./dictionary/အမျိုးသား.png
အမျိုးသားစီမံကိန်းနှင့်စီးပွားရေးဖွံ့ဖြိုးရေးတိုးတက်မှုဝန်ကြီးဌာန,./dictionary/အမျိုးသားစီမံကိန်း.png
အမျိုးသားပြတိုက်,./dictionary/အမျိုးသားပြတိုက်.png
အမျိုးသားအောင်ပွဲနေ့,./dictionary/အမျိုးသားအောင်ပွဲနေ့.png
အမြင့်,./dictionary/အမြင့်.png
အမြင်ဝါး,./dictionary/အမြင်ဝါး.png
အမြန်,./dictionary/အမြန်.png
အမြန်လမ်း,./dictionary/အမြန်လမ်း.png
အမြဲတမ်း,./dictionary/အမြဲတမ်း.png
အမြဲအမြဲ,./dictionary/အမြဲအမြဲ.png
အမွှေးတိုင်,./dictionary/အမွှေးတိုင်.png
အမွှေးနံ့,./dictionary/အမွှေးနံ့.png
အမှန်,./dictionary/အမှန်.png
အမှန်(၁),./dictionary/အမှန်၁.png
အမှိုက်,./dictionary/အမှိုက်.png
အမှိုက်များ,./dictionary/အမှိုက်များ.png
အမှုထမ်း,./dictionary/အမှုထမ်း.png
အမှုန်အမွှားပျောက်,./dictionary/အမှုန်အမွှားပျောက်.png
အမေ,./dictionary/အမေ.png
အမေ(၁),./dictionary/အမေ၁.png
အမေရိကန်ပြည်ထောင်စု,./dictionary/အမေရိကန်ပြည်ထောင်စု.png
အမဲ,./dictionary/အမဲ.png
အမဲလိုက်,./dictionary/အမဲလိုက်.png
အမဲသား,./dictionary/အမဲသား.png
အရည်းကြီး,./dictionary/အရည်းကြီး.png
အရပ်,./dictionary/အရပ်.png
အရမ်း,./dictionary/အရမ်း.png
အရမ်းချမ်းတယ်,./dictionary/အရမ်းချမ်းတယ်.png
အရမ်းပြင်း,./dictionary/အရမ်းပြင်း.png
အရွက်,./dictionary/အရွက်.png
အရိုး,./dictionary/အရိုး.png
အရေးကြီး,./dictionary/အရေးကြီး.png
အရေးကြီး(၁),./dictionary/အရေးကြီး၁.png
အရေပြား,./dictionary/အရေပြား.png
အရေးပေါ်,./dictionary/အရေးပေါ်.png
အရေးပေါ်(၁),./dictionary/အရေးပေါ်၁.png
အရောင်,./dictionary/အရောင်.png
အရောင်နဲနဲ,./dictionary/အရောင်နဲနဲ.png
အရောင်များ,./dictionary/အရောင်များ.png
အလည်,./dictionary/အလည်.png
အလယ်တန်း,./dictionary/အလယ်တန်း.png
အလျား,./dictionary/အလျား.png
အလွန်းအမင်း,./dictionary/အလွန်းအမင်း.png
အလုပ်,./dictionary/အလုပ်.png
အလုပ်လုပ်,./dictionary/အလုပ်လုပ်.png
အလုပ်သမား ဝန်ကြီးဌာန,./dictionary/အလုပ်သမားဝန်ကြီးဌာန.png
အလုပ်သမားနေ့,./dictionary/အလုပ်သမားနေ့.png
အလုံးအရေအတွက်,./dictionary/အလုံးအရေအတွက်.png
အလေး,./dictionary/အလေး.png
အလေးချိန်,./dictionary/အလေးချိန်.png
အလေးချိန်(၁),./dictionary/အလေးချိန်၁.png
အလောင်းမင်းတရား,./dictionary/အလောင်းမင်းတရား.png
အဝတ်,./dictionary/အဝတ်.png
အဝတ်(၁),./dictionary/အဝတ်၁.png
အဝတ်(၂),./dictionary/အဝတ်၂.png
အဝတ်များ,./dictionary/အဝတ်များ.png
အဝတ်လျှော်,./dictionary/အဝတ်လျှော်.png
အဝါရောင်,./dictionary/အဝါရောင်.png
အဝါရောင်(၁),./dictionary/အဝါရောင်၁.png
အဝေးပြေး,./dictionary/အဝေးပြေး.png
အဝေးပြေးကား,./dictionary/အဝေးပြေးကား.png
အသက်,./dictionary/အသက်.png
အသက်ရှု,./dictionary/အသက်ရှု.png
အသက်ရှုပိတ်,./dictionary/အသက်ရှုပိတ်.png
အသည်း,./dictionary/အသည်း.png
အသွား,./dictionary/အသွား.png
အသား,./dictionary/အသား.png
အသိပေး,./dictionary/အသိပေး.png
အသီး,./dictionary/အသီး.png
အသုံးပြု,./dictionary/အသုံးပြု.png
အဠမတန်း,./dictionary/အဠမတန်း.png
အဠမနှစ်,./dictionary/အဠမနှစ်.png
အားကစား,./dictionary/အားကစား.png
အားကစားရုံ,./dictionary/အားကစားရုံ.png
အားကစားရုံ(၁),./dictionary/အားကစားရုံ၁.png
အားကစားဝန်ကြီးဌာန,./dictionary/အားကစားဝန်ကြီးဌာန.png
အားကုန်,./dictionary/အားကုန်.png
အာခေါင်,./dictionary/အာခေါင်.png
အားဆေး,./dictionary/အားဆေး.png
အာဇာနည်နေ့,./dictionary/အာဇာနည်နေ့.png
အာဏာဖီဆန်ရေး,./dictionary/အာဏာဖီဆန်ရေး.png
အားတယ်,./dictionary/အားတယ်.png
အားပြတ်,./dictionary/အားပြတ်.png
အာရှ,./dictionary/အာရှ.png
အားလား,./dictionary/အားလား.png
အားလုံး,./dictionary/အားလုံး.png
အာလူး,./dictionary/အာလူး.png
အားအင်,./dictionary/အားအင်.png
အိတ်,./dictionary/အိတ်.png
အိတ်(၁),./dictionary/အိတ်၁.png
အိတ်ထဲကသဲ,./dictionary/အိတ်ထဲကသဲ.png
အိပ်ငိုက်,./dictionary/အိပ်ငိုက်.png
အိပ်ပျော်,./dictionary/အိပ်ပျော်.png
အိပ်ယာထ,./dictionary/အိပ်ယာထ.png
အိမ်,./dictionary/အိမ်.png
အိမ်(၁),./dictionary/အိမ်၁.png
အိမ်ထဲ,./dictionary/အိမ်ထဲ.png
အိမ်ထဲကပြေးထွက်,./dictionary/အိမ်ထဲကပြေးထွက်.png
အိမ်ထဲကရေ,./dictionary/အိမ်ထဲကရေ.png
အိမ်ထဲကြမ်းပြင်,./dictionary/အိမ်ထဲကြမ်းပြင်.png
အိမ်ထဲပြေးဝင်,./dictionary/အိမ်ထဲပြေးဝင်.png
အိမ်ထဲမီးလောင်,./dictionary/အိမ်ထဲမီးလောင်.png
အိမ်ထဲမီးလောင်(၁),./dictionary/အိမ်ထဲမီးလောင်၁.png
အိမ်ထဲရေကြီး,./dictionary/အိမ်ထဲရေကြီး.png
အိမ်ထဲဝင်,./dictionary/အိမ်ထဲဝင်.png
အိမ်ထဲဝင်(၁),./dictionary/အိမ်ထဲဝင်၁.png
အိမ်ထဲဝင်ပါ,./dictionary/အိမ်ထဲဝင်ပါ.png
အိမ်ပြို,./dictionary/အိမ်ပြို.png
အိမ်ဖောက်ထွင်း,./dictionary/အိမ်ဖောက်ထွင်း.png
အိမ်မိုးကြိုးပစ်,./dictionary/အိမ်မိုးကြိုးပစ်.png
အိမ်မိုးကြိုးလွှဲ,./dictionary/အိမ်မိုးကြိုးလွှဲ.png
အိမ်ရှေ့စံ,./dictionary/အိမ်ရှေ့စံ.png
အိမ်လှုပ်,./dictionary/အိမ်လှုပ်.png
အိမ်လှုပ်နေ,./dictionary/အိမ်လှုပ်နေ.png
အိမ်သာ,./dictionary/အိမ်သာ.png
အိမ်သာ(၁),./dictionary/အိမ်သာ၁.png
အိမ်သာကျင်း,./dictionary/အိမ်သာကျင်း.png
အိမ်အပြင်,./dictionary/အိမ်အပြင်.png
အိုး,./dictionary/အိုး.png
အီဂျစ်,./dictionary/အီဂျစ်.png
အုပ်,./dictionary/အုပ်.png
အုပ်(၁),./dictionary/အုပ်၁.png
အုပ်ချုပ်,./dictionary/အုပ်ချုပ်.png
အုပ်စိုး,./dictionary/အုပ်စိုး.png
အေးတယ်,./dictionary/အေးတယ်.png
အောက်,./dictionary/အောက်.png
အောက်ဆီဂျင်,./dictionary/အောက်ဆီဂျင်.png
အောက်ဆီဂျင်(၁),./dictionary/အောက်ဆီဂျင်၁.png
အောင့်,./dictionary/အောင့်.png
အောင့် (မျက်စိအောင့်),./dictionary/အောင့် (မျက်စိအောင့်).png
အော်ခေါ်,./dictionary/အော်ခေါ်.png
အဲ့ (ကား),./dictionary/အဲ့ (ကား).png
အဲ့ဒီ့,./dictionary/အဲ့ဒီ့.png
အဲ့ဒီ့ (ကား),./dictionary/အဲ့ဒီ့ (ကား).png
အဲ့ဒီ အိမ်,./dictionary/အဲ့ဒီ အိမ်.png
အဲ့ဒီ့(၁),./dictionary/အဲ့ဒီ့၁.png
အဲ့ဒီ(up),./dictionary/အဲ့ဒီ(up).png
အဲ့ဒီ့(လူ),./dictionary/အဲ့ဒီ့(လူ).png
အဲ့ဒီ့(အောက်),./dictionary/အဲ့ဒီ့(အောက်).png
အဲ့ဒီ့(အောက်),./dictionary/အဲ့ဒီ့(အောက်)၁.png
အဲ့ဒီ(အောက်ကို),./dictionary/အဲ့ဒီ(အောက်ကို).png
အဲ့ဒီ့ကား,./dictionary/အဲ့ဒီကား.png
အဲ့ဒီ့ကိုယ်ခန္ဓာ,./dictionary/အဲ့ဒီ့ကိုယ်ခန္ဓာ.png
အဲ့ဒီ့ဆေး,./dictionary/အဲ့ဒီ့ဆေး.png
အဲ့ဒီဆေးခန်း,./dictionary/အဲ့ဒီဆေးခန်း.png
အဲ့ဒီ့ဆေးခဲ,./dictionary/အဲ့ဒီ့ဆေးခဲ.png
အဲ့ဒီနေရာ,./dictionary/အဲ့ဒီနေရာ.png
အဲဒီလူ,./dictionary/အဲဒီလူ.png
အဲ့ဒီအတိုင်း,./dictionary/အဲ့ဒီအတိုင်း.png
အဲ့ဒီ့အပေါ်ဘက်,./dictionary/အဲ့ဒီ့အပေါ်ဘက်.png
အဲ့မှာ,./dictionary/အဲ့မှာ.png
ဣ,./dictionary/ဣ.png
ဤ,./dictionary/ဤ.png
ဥ,./dictionary/ဥ.png
ဥပဒေ,./dictionary/ဥပဒေ.png
ဥရောပအဖွဲ့ဝင်နိုင်ငံများ,./dictionary/ဥရောပအဖွဲ့ဝင်နိုင်ငံများ.png
ဦးစီးအရာရှိ,./dictionary/ဦးစီးအရာရှိ.png
ဦးထုပ်ဆောင်း,./dictionary/ဦးထုပ်ဆောင်း.png
ဦးနှောက်,./dictionary/ဦးနှောက်.png
ဦးလေး,./dictionary/ဦးလေး.png
ဧ,./dictionary/ဧ.png
ဧကရာဇ်,./dictionary/ဧကရာဇ်.png
ဩ,./dictionary/ဩ.png
ါ,./dictionary/ါ.png
ာ,./dictionary/ာ.png
ါ်,./dictionary/ါ်.png
ာ်,./dictionary/ာ်.png
ိ,./dictionary/ိ.png
ီ,./dictionary/ီ.png
ု,./dictionary/ု.png
ူ,./dictionary/ူ.png
ေ,./dictionary/ေ.png
ဲ,./dictionary/ဲ.png
်,./dictionary/်.png
