ံ,./dictionary-ver/ံ.png
း,./dictionary-ver/း.png
့,./dictionary-ver/့.png
၊,./dictionary-ver/၊.png
။,./dictionary-ver/။.png
(,./dictionary-ver/(.png
),./dictionary-ver/).png
[,./dictionary-ver/[.png
],./dictionary-ver/].png
၌,./dictionary-ver/၌.png
၍,./dictionary-ver/၍.png
၎င်း,./dictionary-ver/၎င်း.png
၏,./dictionary-ver/၏.png
1နာရီ,./dictionary-ver/1နာရီ.png
၁ပတ်,./dictionary-ver/၁ပတ်.png
၂ပတ်,./dictionary-ver/၂ပတ်.png
၄ထပ်,./dictionary-ver/၄ထပ်.png
၅ (စကၠန့်),./dictionary-ver/၅ (စကၠန့်).png
၅ရက်,./dictionary-ver/ရက်၅.png
၉ကနေ,./dictionary-ver/၉ကနေ.png
body,./dictionary-ver/body.png
cctv,./dictionary-ver/cctv.png
lotion,./dictionary-ver/lotion.png
lotion လိမ်း,./dictionary-ver/lotion လိမ်း.png
mask,./dictionary-ver/mask.png
maskတပ်,./dictionary-ver/maskတပ်.png
octane,./dictionary-ver/octane.png
power,./dictionary-ver/power.png
stop,./dictionary-ver/stop.png
x ray,./dictionary-ver/x ray.png
x-ray,./dictionary-ver/x-ray.png
က,./dictionary-ver/က.png
ကင်း,./dictionary-ver/ကင်း.png
ကင်းခြေများ,./dictionary-ver/ကင်းခြေများ.png
ကင်းလွတ်,./dictionary-ver/ကင်းလွတ်.png
ကနေဒါ,./dictionary-ver/ကနေဒါ.png
ကန်,./dictionary-ver/ကန်.png
ကန်(လေးထောင့်ကန်),./dictionary-ver/ကန်(လေးထောင့်ကန်).png
ကန်(အဝိုင်းကန်),./dictionary-ver/ကန်(အဝိုင်းကန်).png
ကန်စွန်းရွက်,./dictionary-ver/ကန်စွန်းရွက်.png
ကပ် (မီးကပ်),./dictionary-ver/ကပ် (မီးကပ်).png
ကမ္ဘောဒီးယား,./dictionary-ver/ကမ္ဘောဒီးယား.png
ကမ်းခြေ,./dictionary-ver/ကမ်းခြေ.png
ကမ်းခြေ(၁),./dictionary-ver/ကမ်းခြေ၁.png
ကမ်းခြေကသဲ,./dictionary-ver/ကမ်းခြေကသဲ.png
ကမ်းစပ်,./dictionary-ver/ကမ်းစပ်.png
ကမ်းစပ်(၁),./dictionary-ver/ကမ်းစပ်၁.png
ကမ်းပါး,./dictionary-ver/ကမ်းပါး.png
ကမ်းပါး(၁),./dictionary-ver/ကမ်းပါး၁.png
ကယ်ဆယ်,./dictionary-ver/ကယ်ဆယ်.png
ကျကွဲ,./dictionary-ver/ကျကွဲ.png
ကျန် (မီး),./dictionary-ver/ကျန် (မီး).png
ကျန်စစ်သား,./dictionary-ver/ကျန်စစ်သား.png
ကျန်းမာရေးရာဝန်ကြီးဌာန,./dictionary-ver/ကျန်းမာရေးရာဝန်ကြီးဌာန.png
ကျပ်,./dictionary-ver/ကျပ်.png
ကျွန်,./dictionary-ver/ကျွန်.png
ကျွန်တော်,./dictionary-ver/ကျွန်တော်.png
ကျွမ်းကျင်,./dictionary-ver/ကျွမ်းကျင်.png
ကျွဲကောသီး,./dictionary-ver/ကျွဲကောသီး.png
ကျို,./dictionary-ver/ကျို.png
ကျိုး,./dictionary-ver/ကျိုး.png
ကျိုးကျ,./dictionary-ver/ကျိုးကျ.png
ကျိုက်ထီးရိုး,./dictionary-ver/ကျိုက်ထီးရိုး.png
ကျိုချက်,./dictionary-ver/ကျိုချက်.png
ကျိုးသွား,./dictionary-ver/ကျိုးသွား.png
ကျူးကျော်,./dictionary-ver/ကျူးကျော်.png
ကျေးဇူးတင်ပါတယ်,./dictionary-ver/ကျေးဇူးတင်ပါတယ်.png
ကျေးဇူးပြု(Ygn),./dictionary-ver/ကျေးဇူးပြု(Ygn).png
ကျေးဇူးပြု၍,./dictionary-ver/ကျေးဇူးပြု၍.png
ကျောက်ခေတ်,./dictionary-ver/ကျောက်ခေတ်.png
ကျောက်ခေတ်နှောင်း,./dictionary-ver/ကျောက်ခေတ်နှောင်း.png
ကျောက်ခေတ်လယ်,./dictionary-ver/ကျောက်ခေတ်လယ်.png
ကျောက်ခေတ်လူ,./dictionary-ver/ကျောက်ခေတ်လူ.png
ကျောက်ခေတ်ဦး,./dictionary-ver/ကျောက်ခေတ်ဦး.png
ကျောက်လက်နက်,./dictionary-ver/ကျောက်လက်နက်.png
ကျောင်း,./dictionary-ver/ကျောင်း.png
ကျောင်းဆရာ,./dictionary-ver/ကျောင်းဆရာ.png
ကျော်,./dictionary-ver/ကျော်.png
ကရာတေး,./dictionary-ver/ကရာတေး.png
ကြက်ခြေနီ,./dictionary-ver/ကြက်ခြေနီ.png
ကြက်ခြေနီ(Ygn),./dictionary-ver/ကြက်ခြေနီ(Ygn).png
ကြက်တောင်,./dictionary-ver/ကြက်တောင်.png
ကြက်သွန်,./dictionary-ver/ကြက်သွန်.png
ကြက်သွန်မြိတ်,./dictionary-ver/ကြက်သွန်မြိတ်.png
ကြက်သား,./dictionary-ver/ကြက်သား.png
ကြံ့ခိုင်,./dictionary-ver/ကြံ့ခိုင်.png
ကြည့်,./dictionary-ver/ကြည့်.png
ကြမ်းပြင်,./dictionary-ver/ကြမ်းပြင်.png
ကြမ်းပြင်(၁),./dictionary-ver/ကြမ်းပြင်၁.png
ကြွက်သား,./dictionary-ver/ကြွက်သား.png
ကြွင်း (မီး),./dictionary-ver/ကြွင်း (မီး).png
ကြွေးတင်,./dictionary-ver/ကြွေးတင်.png
ကြာ,./dictionary-ver/ကြာ.png
ကြား,./dictionary-ver/ကြား.png
ကြာ(၁),./dictionary-ver/ကြာ၁.png
ကြား(၁),./dictionary-ver/ကြား၁.png
ကြား(၂),./dictionary-ver/ကြား၂.png
ကြားထဲ,./dictionary-ver/ကြားထဲ.png
ကြာမှာလား,./dictionary-ver/ကြာမှာလား.png
ကြာသပတေး,./dictionary-ver/ကြာသပတေး.png
ကြို,./dictionary-ver/ကြို.png
ကြိုး(မီးကြိုး),./dictionary-ver/ကြိုး(မီးကြိုး).png
ကြိုက်,./dictionary-ver/ကြိုက်.png
ကြိုက်တယ်,./dictionary-ver/ကောင်းတယ်.png
ကြိုက်လား,./dictionary-ver/ကြိုက်လား.png
ကြိုတင်,./dictionary-ver/ကြိုတင်.png
ကြိုတင်(၁),./dictionary-ver/ကြိုတင်၁.png
ကြိုးပျက်ကျ,./dictionary-ver/ကြိုးပျက်ကျ.png
ကြုံ,./dictionary-ver/ကြုံ.png
ကြေး,./dictionary-ver/ကြေး.png
ကြောက်ရွံ့ထိတ်လန့်မှု,./dictionary-ver/ကြောက်ရွံ့ထိတ်လန့်မှု.png
ကြောက်လန့်တကြား,./dictionary-ver/ကြောက်လန့်တကြား.png
ကလေး,./dictionary-ver/ကလေး.png
ကလေး(၁),./dictionary-ver/ကလေး၁.png
ကလေး(၂),./dictionary-ver/ကလေး၂.png
ကလေး(၃),./dictionary-ver/ကလေး၃.png
ကွင်း,./dictionary-ver/ကွင်း.png
ကွင်းပြင်,./dictionary-ver/ကွင်းပြင်.png
ကွင်းပြင်(၁),./dictionary-ver/ကွင်းပြင်၁.png
ကွန်မြူနစ်ဝါဒ,./dictionary-ver/ကွန်မြူနစ်ဝါဒ.png
ကွဲ,./dictionary-ver/ကွဲ.png
ကား,./dictionary-ver/ကား.png
ကား(၁),./dictionary-ver/ကား၁.png
ကာကွယ်,./dictionary-ver/ကာကွယ်.png
ကာကွယ်ရေးဝန်ကြီးဌာန,./dictionary-ver/ကာကွယ်ရေးဝန်ကြီးဌာန.png
ကားချောက်ထဲကျ,./dictionary-ver/ကားချောက်ထဲကျ.png
ကားတံခါး,./dictionary-ver/ကားတံခါး.png
ကားတံခါးပိတ်,./dictionary-ver/ကားတံခါးပိတ်.png
ကားတံခါးဖွင့်,./dictionary-ver/ကားတံခါးဖွင့်.png
ကားတစ်စီး,./dictionary-ver/ကားတစ်စီး.png
ကားတိုက်,./dictionary-ver/ကားတိုက်.png
ကားတိုက်(၁),./dictionary-ver/ကားတိုက်၁.png
ကားတိုက်(၂),./dictionary-ver/ကားတိုက်၂.png
ကားတိုက်(၃),./dictionary-ver/ကားတိုက်၃.png
ကားတိုက်(၄),./dictionary-ver/ကားတိုက်၄.png
ကားတိုက်ဖြစ်ပြီး,./dictionary-ver/ကားတိုက်ဖြစ်ပြီး.png
ကားထွက်,./dictionary-ver/ကားထွက်.png
ကားထဲမှာ,./dictionary-ver/ကားထဲမှာ.png
ကားပိတ်,./dictionary-ver/ကားပိတ်.png
ကားပေါ်က,./dictionary-ver/ကားပေါ်က.png
ကားပေါ်က(၁),./dictionary-ver/ကားပေါ်က၁.png
ကားပေါ်ကဆင်း,./dictionary-ver/ကားပေါ်ကဆင်း.png
ကားပေါ်ကလိမ့်ကျ,./dictionary-ver/ကားပေါ်ကလိမ့်ကျ.png
ကားပေါ်ညှပ်မိ,./dictionary-ver/ကားပေါ်ညှပ်မိ.png
ကားပေါ်ညှပ်မိ(၁),./dictionary-ver/ကားပေါ်ညှပ်မိ၁.png
ကားမောင်း,./dictionary-ver/ကားမောင်း.png
ကားမောင်းနေတုန်း,./dictionary-ver/ကားမောင်းနေတုန်း.png
ကားရပ်ထား,./dictionary-ver/ကားရပ်ထား.png
ကားရပ်ထားလမ်းလျှောက်,./dictionary-ver/ကားရပ်ထားလမ်းလျှောက်.png
ကားလာ,./dictionary-ver/ကားလာ.png
ကားဝင်,./dictionary-ver/ကားဝင်.png
ကားသွား,./dictionary-ver/ကားသွား.png
ကားသေး,./dictionary-ver/ကားသေး.png
ကားသော့,./dictionary-ver/ကားသော့.png
ကိုး,./dictionary-ver/ကိုး.png
ကိုးကွယ်ယုံကြည်,./dictionary-ver/ကိုးကွယ်ယုံကြည်.png
ကိုက်,./dictionary-ver/ကိုက်.png
ကိုက်ခဲ,./dictionary-ver/ကိုက်ခဲ.png
ကိုးထောင်,./dictionary-ver/ကိုးထောင်.png
ကိုယ်ခန္ဓာ,./dictionary-ver/ကိုယ်ခန္ဓာ.png
ကိုယ်ခန္ဓာ(၁),./dictionary-ver/ကိုယ်ခန္ဓာ၁.png
ကိုယ်ခန္ဓာ(၂),./dictionary-ver/ကိုယ်ခန္ဓာ၂.png
ကိုယ်ခန္ဓာဆေးစစ်,./dictionary-ver/ကိုယ်ခန္ဓာဆေးစစ်.png
ကိုယ်တိုင်,./dictionary-ver/ကိုယ်တိုင်.png
ကိုယ်ပိုင်,./dictionary-ver/ကိုယ်ပိုင်.png
ကိုယ်ပိုင်စီးပွားရေး,./dictionary-ver/ကိုယ်ပိုင်စီးပွားရေး.png
ကိုယ်ပိုင်အုပ်ချုပ်ရေး,./dictionary-ver/ကိုယ်ပိုင်အုပ်ချုပ်ရေး.png
ကိုယ်ပူ,./dictionary-ver/ကိုယ်ပူ.png
ကိုးသောင်း,./dictionary-ver/ကိုးသောင်း.png
ကုန်းကျော်,./dictionary-ver/ကုန်းကျော်.png
ကုန်းကျော်ပေါ်မှာ,./dictionary-ver/ကုန်းကျော်ပေါ်မှာ.png
ကုန်းဘောင်ခေတ်,./dictionary-ver/ကုန်းဘောင်ခေတ်.png
ကုန်းမြင့်,./dictionary-ver/ကုန်းမြင့်.png
ကုန်းမြေမြင့်,./dictionary-ver/ကုန်းမြေမြင့်.png
ကူးစက်,./dictionary-ver/ကူးစက်.png
ကူးစက်(၁),./dictionary-ver/ကူးစက်၁.png
ကူညီ,./dictionary-ver/ကူညီ.png
ကူညီ(၁),./dictionary-ver/ကူညီ၁.png
ကူညီပါ(ကိုယ့်ကို),./dictionary-ver/ကူညီပါ(ကိုယ့်ကို).png
ကူညီပေး,./dictionary-ver/ကူညီပေး.png
ကူညီပေးပါ (တခြားသူကို),./dictionary-ver/ကူညီပေးပါ (တခြားသူကို).png
ကောက်စိုက်,./dictionary-ver/ကောက်စိုက်.png
ကောင်း,./dictionary-ver/ကောင်း.png
ကောင်းတယ်,./dictionary-ver/ကောင်းတယ်.png
ကောင်းတယ်(၁),./dictionary-ver/ကောင်းတယ်၁.png
ကောင်းမကောင်း,./dictionary-ver/ကောင်းမကောင်း.png
ကောင်းလား,./dictionary-ver/ကောင်းလား.png
ကောဒီးယားခေတ်,./dictionary-ver/ကောဒီးယားခေတ်.png
ကော်ဖီ,./dictionary-ver/ကော်ဖီ.png
ခ,./dictionary-ver/ခ.png
ခက်,./dictionary-ver/ခက်.png
ခက်(၁),./dictionary-ver/ခက်၁.png
ခင်ဗျား,./dictionary-ver/ခင်ဗျား.png
ခစား,./dictionary-ver/ခစား.png
ခံစား,./dictionary-ver/ခံစား.png
ခဏ,./dictionary-ver/ခဏ.png
ခဏခဏ,./dictionary-ver/ခဏခဏ.png
ခန္ဓာကိုယ် ဓာတ်မှန်ရိုက်,./dictionary-ver/ခန္ဓာကိုယ် ဓာတ်မှန်ရိုက်.png
ချက်,./dictionary-ver/ချက်.png
ချက်ချင်း,./dictionary-ver/ချက်ချင်း.png
ချက်ချင်း(၁),./dictionary-ver/ချက်ချင်း၁.png
ချက်ပြုတ်,./dictionary-ver/ချက်ပြုတ်.png
ချင်,./dictionary-ver/ချင်.png
ချင်စိတ်,./dictionary-ver/ချင်စိတ်.png
ချင်တယ်,./dictionary-ver/ကောင်းတယ်.png
ချစ်ကြည်ရေး,./dictionary-ver/ချစ်ကြည်ရေး.png
ချည်ထည်,./dictionary-ver/ချည်ထည်.png
ချထား,./dictionary-ver/ချထား.png
ချမ်း,./dictionary-ver/ချမ်း.png
ချမ်းတယ်,./dictionary-ver/ချမ်းတယ်.png
ချိတ်,./dictionary-ver/ချိတ်.png
ချို,./dictionary-ver/ချို.png
ချိုး,./dictionary-ver/ချိုး.png
ချိုချဉ်,./dictionary-ver/ချိုချဉ်.png
ချိုင့်,./dictionary-ver/ချိုင့်.png
ချုပ်ထား,./dictionary-ver/ချုပ်ထား.png
ချောက်ထဲကျ,./dictionary-ver/ချောက်ထဲကျ.png
ချောင်းဆိုး,./dictionary-ver/ချောင်းဆိုး.png
ချောင်းသာ,./dictionary-ver/ချောင်းသာ.png
ချော်ကျ,./dictionary-ver/ချော်ကျ.png
ခံရ,./dictionary-ver/ခံရ.png
ခံရ(၁),./dictionary-ver/ခံရ၁.png
ခရင်မ်,./dictionary-ver/ခရင်မ်.png
ခရစ္စမတ်,./dictionary-ver/ခရစ္စမတ်.png
ခရစ်ယာန်ဘာသာ,./dictionary-ver/ခရစ်ယာန်ဘာသာ.png
ခြင်,./dictionary-ver/ခြင်.png
ခြင်းခတ်,./dictionary-ver/ခြင်းခတ်.png
ခြုံ,./dictionary-ver/ခြုံ.png
ခြေခေါက်လဲ,./dictionary-ver/ခြေခေါက်လဲ.png
ခြေထောက်,./dictionary-ver/ခြေထောက်.png
ခြေထောက်(၁),./dictionary-ver/ခြေထောက်၁.png
ခြေဖမိုး,./dictionary-ver/ခြေဖမိုး.png
ခြောက်,./dictionary-ver/ခြောက်.png
ခြောက်ထောင်,./dictionary-ver/ခြောက်ထောင်.png
ခြောက်သွေ့,./dictionary-ver/ခြောက်သွေ့.png
ခြောက်သွေ့(၁),./dictionary-ver/ခြောက်သွေ့၁.png
ခြောက်သောင်း,./dictionary-ver/ခြောက်သောင်း.png
ခံလိုက်ရ,./dictionary-ver/ခံလိုက်ရ.png
ခလုတ်,./dictionary-ver/ခလုတ်.png
ခွင့်,./dictionary-ver/ခွင့်.png
ခွင့်ပြု,./dictionary-ver/ခွင့်ပြု.png
ခွေး,./dictionary-ver/ခွေး.png
ခွဲစိတ်,./dictionary-ver/ခွဲစိတ်.png
ခွဲစိတ်(၁),./dictionary-ver/ခွဲစိတ်၁.png
ခါး,./dictionary-ver/ခါး.png
ခါးကျိုး,./dictionary-ver/ခါးကျိုး.png
ခါးကြားထိုး,./dictionary-ver/ခါးကြားထိုး.png
ခါးပိုက်နှိုက်,./dictionary-ver/ခါးပိုက်နှိုက်.png
ခါးပိုက်နှိုက်(၁),./dictionary-ver/ခါးပိုက်နှိုက်၁.png
ခိုး,./dictionary-ver/ခိုး.png
ခိုလှုံ,./dictionary-ver/ခိုလှုံ.png
ခု,./dictionary-ver/ခု.png
ခုခံအားကျဆင်းမှုရောဂါ,./dictionary-ver/ခုခံအားကျဆင်းမှုရောဂါ.png
ခုတ်ပစ်,./dictionary-ver/ခုတ်ပစ်.png
ခုနှစ်,./dictionary-ver/ခုနှစ်.png
ခုနှစ်ထောင်,./dictionary-ver/ခုနှစ်ထောင်.png
ခုနှစ်သောင်း,./dictionary-ver/ခုနှစ်သောင်း.png
ခုန်ချ,./dictionary-ver/ခုန်ချ.png
ခုန်ချ(၁),./dictionary-ver/ခုန်ချ၁.png
ခုံအလယ်တန်း ,./dictionary-ver/ခုံအလယ်တန်း.png
ခေျာင်း,./dictionary-ver/ခေျာင်း.png
ခေါင်း,./dictionary-ver/ခေါင်း.png
ခေါင်းကသွေးထွက်,./dictionary-ver/ခေါင်းကသွေးထွက်.png
ခေါင်းကိုက်,./dictionary-ver/ခေါင်းကိုက်.png
ခေါင်းကိုက်(၁),./dictionary-ver/ခေါင်းကိုက်၁.png
ခေါင်းပေါက်,./dictionary-ver/ခေါင်းပေါက်.png
ခေါင်းမူး,./dictionary-ver/ခေါင်းမူး.png
ခေါင်းမူး(၁),./dictionary-ver/ခေါင်းမူး၁.png
ခေါင်းလက်နဲ့ဖိထား,./dictionary-ver/ခေါင်းလက်နဲ့ဖိထား.png
ခေါ်,./dictionary-ver/ခေါ်.png
ခေါ်ပေး,./dictionary-ver/ခေါ်ပေး.png
ခေါ်လာ,./dictionary-ver/ခေါ်လာ.png
ခေါ်လာပေး,./dictionary-ver/ခေါ်လာပေး.png
ခေါ်သွားပေး,./dictionary-ver/ခေါ်သွားပေး.png
ဂ,./dictionary-ver/ဂ.png
ဂက်စ်,./dictionary-ver/ဂက်စ်.png
ဂတ်စ်,./dictionary-ver/ဂတ်စ်.png
ဂျပန်,./dictionary-ver/ဂျပန်.png
ဂျပန်ခေတ်,./dictionary-ver/ဂျပန်ခေတ်.png
ဂရိ,./dictionary-ver/ဂရိ.png
ဂရိတ်ဖရု,./dictionary-ver/ဂရိတ်ဖရု.png
ဂရုစိုက်,./dictionary-ver/ဂရုစိုက်.png
ဂရုစိုက်(၁),./dictionary-ver/ဂရုစိုက်၁.png
ဂရုစိုက်(၂),./dictionary-ver/ဂရုစိုက်၂.png
ဂေါ်ရခါးသီး,./dictionary-ver/ဂေါ်ရခါးသီး.png
ဃ,./dictionary-ver/ဃ.png
င,./dictionary-ver/င.png
ငထွေရူး,./dictionary-ver/ငထွေရူး.png
ငပလီ,./dictionary-ver/ငပလီ.png
ငြှိမ်း,./dictionary-ver/ငြှိမ်း.png
ငလျင်လှုပ်,./dictionary-ver/ငလျင်လှုပ်.png
ငလျင်လှုပ်(၁),./dictionary-ver/ငလျင်လှုပ်၁.png
ငလုံးလက်ဖယ်,./dictionary-ver/ငလုံးလက်ဖယ်.png
ငွေဆောင်,./dictionary-ver/ငွေဆောင်.png
ငှက်ပျောသီး,./dictionary-ver/ငှက်ပျောသီး.png
ငါ,./dictionary-ver/ငါ.png
ငါး,./dictionary-ver/ငါး.png
ငါ(၁),./dictionary-ver/ငါ၁.png
ငါး(Fish),./dictionary-ver/ငါး(Fish).png
ငါးထောင်,./dictionary-ver/ငါးထောင်.png
ငါသွား,./dictionary-ver/ငါသွား.png
ငါးသောင်း,./dictionary-ver/ငါးသောင်း.png
င်္,./dictionary-ver/င်္.png
စ,./dictionary-ver/စ.png
စကၠဴ,./dictionary-ver/စကၠဴ.png
စက္ကန့်,./dictionary-ver/စက္ကန့်.png
စက်ချုပ်သမား,./dictionary-ver/စက်ချုပ်သမား.png
စက်ဘီး,./dictionary-ver/စက်ဘီး.png
စက်ဘီး(၁),./dictionary-ver/စက်ဘီး၁.png
စက်မှုဝန်ကြီးဌာန,./dictionary-ver/စက်မှုဝန်ကြီးဌာန.png
စင်္ကာပူ,./dictionary-ver/စင်္ကာပူ.png
စင်္ကာပူ (MDY),./dictionary-ver/စင်္ကာပူM.png
စင်္ကာပူ (YGN),./dictionary-ver/စင်္ကာပူY.png
စစ်ကိုင်း,./dictionary-ver/စစ်ကိုင်း.png
စစ်ကူ,./dictionary-ver/စစ်ကူ.png
စစ်ဆေးသည်,./dictionary-ver/စစ်ဆေးသည်.png
စစ်ဆေးသည်(၁),./dictionary-ver/စစ်ဆေးသည်၁.png
စစ်ဆေးသည်(၂),./dictionary-ver/စစ်ဆေးသည်၂.png
စစ်ဘေးဒဏ်,./dictionary-ver/စစ်ဘေးဒဏ်.png
စစ်သူကြီး,./dictionary-ver/စစ်သူကြီး.png
စည်ပိုင်း,./dictionary-ver/စည်ပိုင်း.png
စည်ပိုင်းထဲရေထည့်,./dictionary-ver/စည်ပိုင်းထဲရေထည့်.png
စတုတ္ထတန်း,./dictionary-ver/စတုတ္ထတန်း.png
စတုတ္ထနှစ်,./dictionary-ver/စတုတ္ထနှစ်.png
စတုတ္ထအဆင့်,./dictionary-ver/စတုတ္ထအဆင့်.png
စနေ,./dictionary-ver/စနေ.png
စနေနေ့,./dictionary-ver/စနေနေ့.png
စပျစ်သီး,./dictionary-ver/စပျစ်သီး.png
စပ်စု,./dictionary-ver/စပ်စု.png
စမ်း(နှလုံးခုန်),./dictionary-ver/စမ်း(နှလုံးခုန်).png
စျေး,./dictionary-ver/စျေး.png
စျေး(၁),./dictionary-ver/စျေး၁.png
စျေးဆိုင်,./dictionary-ver/စျေးဆိုင်.png
စျေးနဲနဲကြီး,./dictionary-ver/စျေးနဲနဲကြီး.png
စျေးလျော့,./dictionary-ver/စျေးလျော့.png
စျေးအရမ်းကြီး,./dictionary-ver/စျေးအရမ်းကြီး.png
စျေးအသင့်အတင့်ကြီး,./dictionary-ver/စျေးအသင့်အတင့်ကြီး.png
စွန့်ပစ်,./dictionary-ver/စွန့်ပစ်.png
စွမ်းအင်ဝန်ကြီးဌာန,./dictionary-ver/စွမ်းအင်ဝန်ကြီးဌာန.png
စွဲလောင်,./dictionary-ver/စွဲလောင်.png
စာ,./dictionary-ver/စာ.png
စား,./dictionary-ver/စား.png
စား(၁),./dictionary-ver/စား၁.png
စာကြည့်တိုက်,./dictionary-ver/စာကြည့်တိုက်.png
စာချုပ်,./dictionary-ver/စာချုပ်.png
စားပွဲ,./dictionary-ver/စားပွဲ.png
စားပွဲတင်တင်းနစ်,./dictionary-ver/စားပွဲတင်တင်းနစ်.png
စားပွဲအောက်,./dictionary-ver/စားပွဲအောက်.png
စားပွဲအောက်(၁),./dictionary-ver/စားပွဲအောက်၁.png
စားပွဲအောက်ဝင်နေ,./dictionary-ver/စားပွဲအောက်ဝင်နေ.png
စာဖတ်,./dictionary-ver/စာဖတ်.png
စားဖိုးမှူး,./dictionary-ver/စားဖိုးမှူး.png
စာမေးပွဲ,./dictionary-ver/စာမေးပွဲ.png
စာရင်းစစ်ချုပ်ရုံး,./dictionary-ver/စာရင်းစစ်ချုပ်ရုံး.png
စာရွက်,./dictionary-ver/စာရွက်.png
စာရေးစာချီ,./dictionary-ver/စာရေးစာချီ.png
စာလုံးပေါင်း,./dictionary-ver/စာလုံးပေါင်း.png
စာသင်ယူ,./dictionary-ver/စာသင်ယူ.png
စားသည်,./dictionary-ver/စားသည်.png
စာအုပ်,./dictionary-ver/စာအုပ်.png
စာအုပ်ပြ,./dictionary-ver/စာအုပ်ပြ.png
စိတ်ငြိမ်ငြိမ်,./dictionary-ver/စိတ်ငြိမ်ငြိမ်.png
စိတ်ငြိမ်ငြိမ်ထား,./dictionary-ver/စိတ်ငြိမ်ငြိမ်ထား.png
စိတ်လှုပ်ရှား,./dictionary-ver/စိတ်လှုပ်ရှား.png
စိုးစံ,./dictionary-ver/စိုးစံ.png
စီးဆင်း,./dictionary-ver/စီးဆင်း.png
စီးပွားပျက်ကပ်,./dictionary-ver/စီးပွားပျက်ကပ်.png
စီးပွားရေးနှင့်ကူးသန်းရောင်းဝယ်ရေးဝန်ကြီးဌာန,./dictionary-ver/စီးပွားရေးနှင့်ကူးသန်းရောင်းဝယ်ရေးဝန်ကြီးဌာန.png
စီးပွားရေးလုပ်ငန်းရှင်,./dictionary-ver/စီးပွားရေးလုပ်ငန်းရှင်.png
စော,./dictionary-ver/စော.png
စောင်,./dictionary-ver/စောင်.png
စောင့်,./dictionary-ver/စောင့်.png
စောင့်ကြည့်,./dictionary-ver/စောင့်ကြည့်.png
စောင်ပတ်,./dictionary-ver/စောင်ပတ်.png
စော်ဘွား,./dictionary-ver/စော်ဘွား.png
ဆ,./dictionary-ver/ဆ.png
ဆက်ခံ,./dictionary-ver/ဆက်ခံ.png
ဆက်မောင်း,./dictionary-ver/ဆက်မောင်း.png
ဆက်သွယ်ရေး၊ စာတိုက်နှင့် ကြေးနန်းဝန်ကြီးဌာန,./dictionary-ver/ဆက်သွယ်ရေး၊ စာတိုက်နှင့် ကြေးနန်းဝန်ကြီးဌာန.png
ဆည်,./dictionary-ver/ဆည်.png
ဆည်(၁),./dictionary-ver/ဆည်၁.png
ဆည်(၂),./dictionary-ver/ဆည်၂.png
ဆံပင်ညှပ်သမား,./dictionary-ver/ဆံပင်ညှပ်သမား.png
ဆရာဝန်,./dictionary-ver/ဆရာဝန်.png
ဆရာဝန်(Ygn),./dictionary-ver/ဆရာဝန်(Ygn).png
ဆွေမျိုး,./dictionary-ver/ဆွေမျိုး.png
ဆွေမျိုးသားချင်း,./dictionary-ver/ဆွေမျိုးသားချင်း.png
ဆွဲထုတ်,./dictionary-ver/ဆွဲထုတ်.png
ဆဠမတန်း,./dictionary-ver/ဆဠမတန်း.png
ဆဠမနှစ်,./dictionary-ver/ဆဠမနှစ်.png
ဆိတ်,./dictionary-ver/ဆိတ်.png
ဆိပ်ကမ်း,./dictionary-ver/ဆိပ်ကမ်း.png
ဆိုး,./dictionary-ver/ဆိုး.png
ဆိုက်ကား,./dictionary-ver/ဆိုက်ကား.png
ဆိုင်ကယ်,./dictionary-ver/ဆိုင်ကယ်.png
ဆိုင်ကယ်(၁),./dictionary-ver/ဆိုင်ကယ်၁.png
ဆိုင်ကယ်(၂),./dictionary-ver/ဆိုင်ကယ်၂.png
ဆိုင်ကယ်ပေါ်ကပြုတ်ကျ,./dictionary-ver/ဆိုင်ကယ်ပေါ်ကပြုတ်ကျ.png
ဆိုင်ကယ်မှောက်,./dictionary-ver/ဆိုင်ကယ်မှောက်.png
ဆိုင်ကယ်လဲ,./dictionary-ver/ဆိုင်ကယ်လဲ.png
ဆိုင်ကလုန်း,./dictionary-ver/ဆိုင်ကလုန်း.png
ဆိုင်းဘုတ်,./dictionary-ver/ဆိုင်းဘုတ်.png
ဆိုးတယ်,./dictionary-ver/ဆိုးတယ်.png
ဆိုရှယ်လစ်ခေတ်,./dictionary-ver/ဆိုရှယ်လစ်ခေတ်.png
ဆီး,./dictionary-ver/ဆီး.png
ဆီးချို,./dictionary-ver/ဆီးချို.png
ဆီးချို(၁),./dictionary-ver/ဆီးချို၁.png
ဆီထည့်,./dictionary-ver/ဆီထည့်.png
ဆု,./dictionary-ver/ဆု.png
ဆုတ်ခွာ,./dictionary-ver/ဆုတ်ခွာ.png
ဆူနာမီလှိုင်း,./dictionary-ver/ဆူနာမီလှိုင်း.png
ဆူမားရီးယားခေတ်,./dictionary-ver/ဆူမားရီးယားခေတ်.png
ဆေး,./dictionary-ver/ဆေး.png
ဆေး(၁),./dictionary-ver/ဆေး၁.png
ဆေးကောင်တာ,./dictionary-ver/ဆေးကောင်တာ.png
ဆေးခန်း,./dictionary-ver/ဆေးခန်း.png
ဆေးခန်း(၁),./dictionary-ver/ဆေးခန်း၁.png
ဆေးခွေ,./dictionary-ver/ဆေးခွေ.png
ဆေးခဲ,./dictionary-ver/ဆေးခဲ.png
ဆေးစစ်,./dictionary-ver/ဆေးစစ်.png
ဆေးစစ်(၁),./dictionary-ver/ဆေးစစ်၁.png
ဆေးဆိုင်,./dictionary-ver/ဆေးဆိုင်.png
ဆေးတိုက်,./dictionary-ver/ဆေးတိုက်.png
ဆေးထည့်,./dictionary-ver/ဆေးထည့်.png
ဆေးထည့်(၁),./dictionary-ver/ဆေးထည့်၁.png
ဆေးထိုး,./dictionary-ver/ဆေးထိုး.png
ဆေးပေး,./dictionary-ver/ဆေးပေး.png
ဆေးမတည့်,./dictionary-ver/ဆေးမတည့်.png
ဆေးယူ,./dictionary-ver/ဆေးယူ.png
ဆေးရည်,./dictionary-ver/ဆေးရည်.png
ဆေးရုံ,./dictionary-ver/ဆေးရုံ.png
ဆေးရုံ(Ygn),./dictionary-ver/ဆေးရုံ(Ygn).png
ဆေးရုံကား,./dictionary-ver/ဆေးရုံကား.png
ဆေးရုံတက်,./dictionary-ver/ဆေးရုံတက်.png
ဆေးရုံတက်(၁),./dictionary-ver/ဆေးရုံတက်၁.png
ဆေးရုံတင်,./dictionary-ver/ဆေးရုံတင်.png
ဆေးလိပ်မီး,./dictionary-ver/ဆေးလိပ်မီး.png
ဆေးဝယ်,./dictionary-ver/ဆေးဝယ်.png
ဆေးသွင်း,./dictionary-ver/ဆေးသွင်း.png
ဆေးသောက်,./dictionary-ver/ဆေးသောက်.png
ဆောက်လုပ်ရေးဝန်ကြီးဌာန,./dictionary-ver/ဆောက်လုပ်ရေးဝန်ကြီးဌာန.png
ဆောင်းရာသီ,./dictionary-ver/ဆောင်းရာသီ.png
ဇ,./dictionary-ver/ဇ.png
ဇ (YGN),./dictionary-ver/ဇ (YGN).png
ဇီဝဗေဒ,./dictionary-ver/ဇီဝဗေဒ.png
ဈ,./dictionary-ver/ဈ.png
ဈ (YGN),./dictionary-ver/ဈ (YGN).png
ဉ,./dictionary-ver/ဉ.png
ည,./dictionary-ver/ည.png
ည(၁),./dictionary-ver/ည၁.png
ည(၂),./dictionary-ver/ည၂.png
ည(၃),./dictionary-ver/ည၃.png
ညစ်ပတ်,./dictionary-ver/ညစ်ပတ်.png
ညနေ,./dictionary-ver/ညနေ.png
ညနေ(၁),./dictionary-ver/ညနေ၁.png
ညွှန်ကြားရေးမှူး,./dictionary-ver/ညွှန်ကြားရေးမှူး.png
ညွှန်ကြားရေးမှူးချုပ်,./dictionary-ver/ညွှန်ကြားရေးမှူးချုပ်.png
ညှပ်ရိုး,./dictionary-ver/ညှပ်ရိုး.png
ညှပ်ရိုး,./dictionary-ver/ညှပ်ရိုး၁.png
ညီ,./dictionary-ver/ညီ.png
ညီမ,./dictionary-ver/ညီမ.png
ညီမ(၁),./dictionary-ver/ညီမ၁.png
ညောင်ရမ်းခေတ်,./dictionary-ver/ညောင်ရမ်းခေတ်.png
ညောင်ဦးဖီး,./dictionary-ver/ညောင်ဦးဖီး.png
ဋ,./dictionary-ver/ဋ.png
ဋ (YGN),./dictionary-ver/ဋ (YGN).png
ဌ,./dictionary-ver/ဌ.png
ဌ (YGN),./dictionary-ver/ဌ (YGN).png
ဍ,./dictionary-ver/ဍ.png
ဍ (YGN),./dictionary-ver/ဍ (YGN).png
ဎ,./dictionary-ver/ဎ.png
ဎ (YGN),./dictionary-ver/ဎ (YGN).png
ဏ,./dictionary-ver/ဏ.png
ဏ (YGN),./dictionary-ver/ဏ (YGN).png
တ,./dictionary-ver/တ.png
တ (YGN),./dictionary-ver/တ (YGN).png
တက္ကစီ,./dictionary-ver/တက္ကစီ.png
တက္ကသိုလ်,./dictionary-ver/တက္ကသိုလ်.png
တခြား,./dictionary-ver/တခြား.png
တခြားလူ,./dictionary-ver/တခြားလူ.png
တံခါး,./dictionary-ver/တံခါး.png
တခါတည်း,./dictionary-ver/တခါတည်း.png
တခါထဲ,./dictionary-ver/တခါထဲ.png
တံခါးပေါက်,./dictionary-ver/တံခါးပေါက်.png
တံခါးပေါက်(၁),./dictionary-ver/တံခါးပေါက်၁.png
တံခါးဖွင့်,./dictionary-ver/တံခါးဖွင့်.png
တင်ဆက်,./dictionary-ver/တင်ဆက်.png
တင်မြှောက်,./dictionary-ver/တင်မြှောက်.png
တစ်,./dictionary-ver/တစ်.png
တစ်ကိုယ်လုံး,./dictionary-ver/တစ်ကိုယ်လုံး.png
တစ်ကိုယ်လုံး(၁),./dictionary-ver/တစ်ကိုယ်လုံး၁.png
တစ်ခါတည်း,./dictionary-ver/တစ်ခါတည်း.png
တစ်ဆယ်,./dictionary-ver/တစ်ဆယ်.png
တစ်ထောင်,./dictionary-ver/တစ်ထောင်.png
တစ်ယောက်,./dictionary-ver/တစ်ယောက်.png
တစ်ယောက်(၁),./dictionary-ver/တစ်ယောက်၁.png
တစ်ယောက်(၂),./dictionary-ver/တစ်ယောက်၂.png
တစ်ယောက်(၃),./dictionary-ver/တစ်ယောက်၃.png
တစ်ယောက်(၄),./dictionary-ver/တစ်ယောက်၄.png
တစ်သိန်း,./dictionary-ver/တစ်သိန်း.png
တစ်သောင်း,./dictionary-ver/တစ်သောင်း.png
တည်ထောင်,./dictionary-ver/တည်ထောင်.png
တံတား,./dictionary-ver/တံတား.png
တတိယတန်း,./dictionary-ver/တတိယတန်း.png
တတိယနှစ်,./dictionary-ver/တတိယနှစ်.png
တတိယမြန်မာနိုင်ငံတော်,./dictionary-ver/တတိယမြန်မာနိုင်ငံတော်.png
တတိယအဆင့်,./dictionary-ver/တတိယအဆင့်.png
တံတောင်ကွေး,./dictionary-ver/တံတောင်ကွေး.png
တံတောင်ဆစ်,./dictionary-ver/တံတောင်ဆစ်.png
တနင်္ဂနွေ,./dictionary-ver/တနင်္ဂနွေ.png
တနင်္လာ,./dictionary-ver/တနင်္လာ.png
တနင်္လာရီ,./dictionary-ver/တနင်္လာရီ.png
တန်း,./dictionary-ver/တန်း.png
တပ်မတော်နေ့,./dictionary-ver/တပ်မတော်နေ့.png
တပ်မှူး,./dictionary-ver/တပ်မှူး.png
တမံ,./dictionary-ver/တမံ.png
တံမြက်လှဲ,./dictionary-ver/တံမြက်လှဲ.png
တရက်,./dictionary-ver/တရက်.png
တရားစီရင်,./dictionary-ver/တရားစီရင်.png
တရားမျှတ,./dictionary-ver/တရားမျှတ.png
တရားရုံး,./dictionary-ver/တရားရုံး.png
တရားရုံးချုပ်,./dictionary-ver/တရားရုံးချုပ်.png
တရားသံပျင်,./dictionary-ver/တရားသံပျင်.png
တရုတ်,./dictionary-ver/တရုတ်.png
တွားသွား,./dictionary-ver/တွားသွား.png
တွားသွား(၁),./dictionary-ver/တွားသွား၁.png
တွေ့,./dictionary-ver/တွေ့.png
တွေ့(၁),./dictionary-ver/တွေ့၁.png
တွေ့ရင်,./dictionary-ver/တွေ့ရင်.png
တွေ့ရင်(၁),./dictionary-ver/တွေ့ရင်၁.png
တွေ့ရင်(၂),./dictionary-ver/တွေ့ရင်၂.png
တွေ့ရင်(၃),./dictionary-ver/တွေ့ရင်၃.png
တာဝါတိုင်,./dictionary-ver/တာဝါတိုင်.png
တာဝါတိုင်(၁),./dictionary-ver/တာဝါတိုင်၁.png
တိမ်ထူ,./dictionary-ver/တိမ်ထူ.png
တိရစ္ဆာန်,./dictionary-ver/တိရစ္ဆာန်.png
တိုက်,./dictionary-ver/တိုက်.png
တိုက်(၁),./dictionary-ver/တိုက်၁.png
တို့ဗမာအစည်းအရုံး,./dictionary-ver/တို့ဗမာအစည်းအရုံး.png
တုပ်ကွေး,./dictionary-ver/တုပ်ကွေး.png
တော,./dictionary-ver/တော.png
တောင်,./dictionary-ver/တောင်.png
တောင်(၁),./dictionary-ver/တောင်၁.png
တောင်ငူခေတ်,./dictionary-ver/တောင်ငူခေတ်.png
တောင်စောင်း,./dictionary-ver/တောင်စောင်း.png
တောင်စောင်း(၁),./dictionary-ver/တောင်စောင်း၁.png
တောင်ပြို,./dictionary-ver/တောင်ပြို.png
တောင်သူလယ်သမားနေ့,./dictionary-ver/တောင်သူလယ်သမားနေ့.png
တောမီး,./dictionary-ver/တောမီး.png
တော်တော်လေး,./dictionary-ver/တော်တော်လေး.png
ထ,./dictionary-ver/ထ.png
ထ (YGN),./dictionary-ver/ထ (YGN).png
ထင်တယ်,./dictionary-ver/ထင်တယ်.png
ထင်နေတယ်,./dictionary-ver/ထင်နေတယ်.png
ထပ်ခါထပ်ခါ,./dictionary-ver/ထပ်ခါထပ်ခါ.png
ထပ်တလဲလဲ,./dictionary-ver/ထပ်တလဲလဲ.png
ထွက်ခွာ,./dictionary-ver/ထွက်ခွာ.png
ထွက်ပြေး,./dictionary-ver/ထွက်ပြေး.png
ထွက်ပြေး၁,./dictionary-ver/ထွက်ပြေး၁.png
ထွက်ရပ်ဂိုဏ်း,./dictionary-ver/ထွက်ရပ်ဂိုဏ်း.png
ထား,./dictionary-ver/ထား.png
ထားထားပါ,./dictionary-ver/ထားထားပါ.png
ထားလိုက်,./dictionary-ver/ထားလိုက်.png
ထိ,./dictionary-ver/ထိ.png
ထိခိုက်,./dictionary-ver/ထိခိုက်.png
ထိခိုက်(၁),./dictionary-ver/ထိခိုက်၁.png
ထိခိုက်(၂),./dictionary-ver/ထိခိုက်၂.png
ထိတ်လန့်,./dictionary-ver/ထိတ်လန့်.png
ထိုး,./dictionary-ver/ထိုး.png
ထိုင်း,./dictionary-ver/ထိုင်း.png
ထီးဆောင်း,./dictionary-ver/ထီးဆောင်း.png
ထီးနန်း,./dictionary-ver/ထီးနန်း.png
ထူထောင်,./dictionary-ver/ထူထောင်.png
ထောပတ်သီး,./dictionary-ver/ထောပတ်သီး.png
ထဲ,./dictionary-ver/ထဲ.png
ထဲ (အိတ်ထဲ),./dictionary-ver/ထဲ (အိတ်ထဲ).png
ထဲ(ခွက်),./dictionary-ver/ထဲ(ခွက်).png
ဒ,./dictionary-ver/ဒ.png
ဒဏ်ရာ,./dictionary-ver/ဒဏ်ရာ.png
ဒဏ်ရာ(၁),./dictionary-ver/ဒဏ်ရာ၁.png
ဒဏ်ရာ(၂),./dictionary-ver/ဒဏ်ရာ၂.png
ဒဏ်ရာထဲဆေးထည့်,./dictionary-ver/ဒဏ်ရာထဲဆေးထည့်.png
ဒဏ်ရာရ,./dictionary-ver/ဒဏ်ရာရ.png
ဒလေဟာ,./dictionary-ver/ဒလေဟာ.png
ဒဿမတန်း,./dictionary-ver/ဒဿမတန်း.png
ဒဿမနှစ်,./dictionary-ver/ဒဿမနှစ်.png
ဒိုင်အာခီအုပ်ချုပ်ရေး,./dictionary-ver/ဒိုင်အာခီအုပ်ချုပ်ရေး.png
ဒီဂရီ,./dictionary-ver/ဒီဂရီ.png
ဒီနေ့,./dictionary-ver/ဒီနေ့.png
ဒီမှာ,./dictionary-ver/ဒီမှာ.png
ဒီမိုကရေစီဝါဒ,./dictionary-ver/ဒီမိုကရေစီဝါဒ.png
ဒီရေ,./dictionary-ver/ဒီရေ.png
ဒု - ညွှန်ကြားရေးမှူး,./dictionary-ver/ဒု - ညွှန်ကြားရေးမှူး.png
ဒု - ညွှန်ကြားရေးမှူးချုပ်,./dictionary-ver/ဒု - ညွှန်ကြားရေးမှူးချုပ်.png
ဒု-ဝန်ကြီး,./dictionary-ver/ဒု-ဝန်ကြီး.png
ဒုကၡ,./dictionary-ver/ဒုကၡ.png
ဒုကၡ (သစ်ပင်ကျိုးကျဒုက္ခ),./dictionary-ver/ဒုကၡ (သစ်ပင်ကျိုးကျဒုက္ခ).png
ဒုတိယတန်း,./dictionary-ver/ဒုတိယတန်း.png
ဒုတိယနှစ်,./dictionary-ver/ဒုတိယနှစ်.png
ဒုတိယမြန်မာနိုင်ငံတော်,./dictionary-ver/ဒုတိယမြန်မာနိုင်ငံတော်.png
ဒုတိယအဆင့်,./dictionary-ver/ဒုတိယအဆင့်.png
ဒူးရင်းသီး,./dictionary-ver/ဒူးရင်းသီး.png
ဒေသ (မြေနိမ့်),./dictionary-ver/ဒေသ (မြေနိမ့်).png
ဓ,./dictionary-ver/ဓ.png
ဓား,./dictionary-ver/ဓား.png
ဓာတ်ကြိုး,./dictionary-ver/ဓာတ်ကြိုး.png
ဓါတ်ဆီ,./dictionary-ver/ဓါတ်ဆီ.png
ဓာတ်ပုံ,./dictionary-ver/ဓာတ်ပုံ.png
ဓာတ်မှန်,./dictionary-ver/ဓာတ်မှန်.png
ဓာတ်မှန်ရိုက်,./dictionary-ver/ဓာတ်မှန်ရိုက်.png
ဓာတ်မီး,./dictionary-ver/ဓာတ်မီး.png
ဓါတ်မီး,./dictionary-ver/ဓါတ်မီး.png
ဓာတ်လှေကား,./dictionary-ver/ဓာတ်လှေကား.png
ဓာတ်လှေကား(၁),./dictionary-ver/ဓာတ်လှေကား၁.png
ဓာတ်လိုက်,./dictionary-ver/ဓာတ်လိုက်.png
ဓားနဲ့ထိုး,./dictionary-ver/ဓားနဲ့ထိုး.png
ဓားပြ,./dictionary-ver/ဓားမြ.png
ဓားပြ,./dictionary-ver/ဓားပြ.png
ဓားပြ ဝင်တိုက်,./dictionary-ver/ဓားပြ ဝင်တိုက်.png
ဓားပြတိုက်,./dictionary-ver/ဓားပြတိုက်.png
န,./dictionary-ver/န.png
နံ,./dictionary-ver/နံ.png
န (YGN),./dictionary-ver/န (YGN).png
နည်းနည်း,./dictionary-ver/နည်းနည်း.png
နည်းပရိယာယ်,./dictionary-ver/နည်းပရိယာယ်.png
နံတယ်,./dictionary-ver/နံတယ်.png
နတ်ရွာစံ,./dictionary-ver/နတ်ရွာစံ.png
နံနံပင်,./dictionary-ver/နံနံပင်.png
နန်းစံ,./dictionary-ver/နန်းစံ.png
နန်းတော်,./dictionary-ver/နန်းတော်.png
နံပါတ်,./dictionary-ver/နံပါတ်.png
နံပါတ်(၁),./dictionary-ver/နံပါတ်၁.png
နံပါတ်ဘယ်လောက်လဲ,./dictionary-ver/နံပါတ်ဘယ်လောက်လဲ.png
နဖူးကပ်,./dictionary-ver/နဖူးကပ်.png
နံဘေးထိုး,./dictionary-ver/နံဘေးထိုး.png
နယ်ချဲ့ဝါဒ,./dictionary-ver/နယ်ချဲ့ဝါဒ.png
နယ်စပ်ဒေသနှင့်တိုင်းရင်းသားလူမျိုးများဖွံ့ဖြိုးတိုးတက်ရေးနှင့်စည်ပင်သာယာရေးဝန်ကြီးဌာန,./dictionary-ver/တိုင်းရင်းသားလူမျိုးများဖွံ့ဖြိုးတိုးတက်ရေး.png
နံရံကပ်နေ,./dictionary-ver/နံရံကပ်နေ.png
နံရံဆေးပန်းချီ,./dictionary-ver/နံရံဆေးပန်းချီ.png
နဝမတန်း,./dictionary-ver/နဝမတန်း.png
နဝမနှစ်,./dictionary-ver/နဝမနှစ်.png
နွား,./dictionary-ver/နွား.png
နွေ,./dictionary-ver/နွေ.png
နှစ်,./dictionary-ver/နှစ်.png
နှစ်(Year),./dictionary-ver/နှစ်(Year).png
နှစ်ဆယ်,./dictionary-ver/နှစ်ဆယ်.png
နှစ်ထောင်,./dictionary-ver/နှစ်ထောင်.png
နှစ်မျိုးလုံး,./dictionary-ver/နှစ်မျိုးလုံး.png
နှစ်သစ်ကူး,./dictionary-ver/နှစ်သစ်ကူး.png
နှစ်သောင်း,./dictionary-ver/နှစ်သောင်း.png
နှလုံး,./dictionary-ver/နှလုံး.png
နှလုံးခုန်,./dictionary-ver/နှလုံးခုန်.png
နှလုံးခုန်(၁),./dictionary-ver/နှလုံးခုန်၁.png
နှလုံးခုန်နှုန်းစမ်း,./dictionary-ver/နှလုံးခုန်နှုန်းစမ်း.png
နှလုံးခုန်မြန်,./dictionary-ver/နှလုံးခုန်မြန်.png
နှလုံးနှိုး,./dictionary-ver/နှလုံးနှိုး.png
နှာဆေး,./dictionary-ver/နှာဆေး.png
နှိပ်,./dictionary-ver/နှိပ်.png
နှိုး,./dictionary-ver/နှိုး.png
နှိုးဆော်,./dictionary-ver/နှိုးဆော်.png
နာ,./dictionary-ver/နာ.png
နာ၁,./dictionary-ver/နာ၁.png
နာကျင်,./dictionary-ver/နာကျင်.png
နာဇီဝါဒ,./dictionary-ver/နာဇီဝါဒ.png
နားမကြား,./dictionary-ver/နားမကြား.png
နာမည်,./dictionary-ver/နာမည်.png
နာမည်(Ygn),./dictionary-ver/နာမည်(Ygn).png
နာမည်(YGN),./dictionary-ver/နာမည်(Ygn)၁.png
နာရီ,./dictionary-ver/နာရီ.png
နာရီ(၁),./dictionary-ver/နာရီ၁.png
နာရီပေါင်း,./dictionary-ver/နာရီပေါင်း.png
နာရီဝက်,./dictionary-ver/နာရီဝက်.png
နိပ်(ခလုတ်),./dictionary-ver/နိပ်(ခလုတ်).png
နို့,./dictionary-ver/နို့.png
နိုင်ငံကူးလက်မှတ်,./dictionary-ver/နိုင်ငံကူးလက်မှတ်.png
နိုင်ငံခြား,./dictionary-ver/နိုင်ငံခြား.png
နိုင်ငံခြားကိုရောက်,./dictionary-ver/နိုင်ငံခြားကိုရောက်.png
နိုင်ငံခြားရေးဝန်ကြီးဌာန,./dictionary-ver/နိုင်ငံခြားရေးဝန်ကြီးဌာန.png
နိုင်ငံတော်ငြိမ်ဝတ်ပိပြားမှုတည်ဆောက်ရေးအဖွဲ့,./dictionary-ver/နိုင်ငံတော်ငြိမ်ဝတ်ပိပြားမှုတည်ဆောက်ရေးအဖွဲ့.png
နိုင်ငံတော်အေးချမ်းသာယာရေးနှင့် ဖွံ့ဖြိုးရေးကောင်စီ,./dictionary-ver/ဘန်ကောက်.png
နိုင်ငံတော်အေးချမ်းသာယာရေးနှင့် ဖွံ့ဖြိုးရေးကောင်စီရုံး,./dictionary-ver/နိုင်ငံတော်အေးချမ်းသာယာရေးနှင့် ဖွံ့ဖြိုးရေးကောင်စီရုံး.png
နိုင်ငံရေး,./dictionary-ver/နိုင်ငံရေး.png
နိုင်ရင်,./dictionary-ver/နိုင်ရင်.png
နီးကပ်,./dictionary-ver/နီးကပ်.png
နေ,./dictionary-ver/နေ.png
နေကောင်း,./dictionary-ver/နေကောင်း.png
နေပြည်တော်,./dictionary-ver/နေပြည်တော်.png
နေပါ,./dictionary-ver/နေပါ.png
နေပူ,./dictionary-ver/နေပူ.png
နေရင်,./dictionary-ver/နေရင်.png
နေရာ,./dictionary-ver/နေရာ.png
နေရာ(၁),./dictionary-ver/နေရာ၁.png
နေရာ(၂),./dictionary-ver/နေရာ၂.png
နေရာ(၃),./dictionary-ver/နေရာ၃.png
နေရာချထားသည်,./dictionary-ver/နေရာချထားသည်.png
နေရာအနှံ့ရေကြီး,./dictionary-ver/နေရာအနှံ့ရေကြီး.png
နေ့လည်,./dictionary-ver/နေ့လည်.png
နေ့လယ်,./dictionary-ver/နေ့လယ်.png
နေ့လယ်(၁),./dictionary-ver/နေ့လယ်၁.png
နေသာတယ်,./dictionary-ver/နေသာတယ်.png
နောက်ကျော,./dictionary-ver/နောက်ကျော.png
နောက်ဆုံးတန်း,./dictionary-ver/နောက်ဆုံးတန်း.png
နောက်ထပ်,./dictionary-ver/နောက်ထပ်.png
နောက်ထပ်(၁),./dictionary-ver/နောက်ထပ်၁.png
နောက်ပိုင်း,./dictionary-ver/နောက်ပိုင်း.png
နောက်လာမယ့်,./dictionary-ver/နောက်လာမယ့်.png
နဲ,./dictionary-ver/နဲ.png
နဲနဲ,./dictionary-ver/နဲနဲ.png
နဲနဲ(၁),./dictionary-ver/နဲနဲ၁.png
နဲနဲချမ်း,./dictionary-ver/နဲနဲချမ်း.png
နဲနဲအေး,./dictionary-ver/နဲနဲအေး.png
ပ,./dictionary-ver/ပ.png
ပ (YGN),./dictionary-ver/ပ (YGN).png
ပင်းယခေတ်,./dictionary-ver/ပင်းယခေတ်.png
ပင်လယ်,./dictionary-ver/ပင်လယ်.png
ပင်လယ်အောက်,./dictionary-ver/ပင်လယ်အောက်.png
ပစၥည်း,./dictionary-ver/ပစၥည်း.png
ပစ္စည်းပြုတ်ကျ,./dictionary-ver/ပစ္စည်းပြုတ်ကျ.png
ပစ်ချ,./dictionary-ver/ပစ်ချ.png
ပစ်ချ(၁),./dictionary-ver/ပစ်ချ၁.png
ပဉ္စမတန်း,./dictionary-ver/ပဉ္စမတန်း.png
ပဉ္စမနှစ်,./dictionary-ver/ပဉ္စမနှစ်.png
ပဉ္စမအဆင့်,./dictionary-ver/ပဉ္စမအဆင့်.png
ပညာ,./dictionary-ver/ပညာ.png
ပညာရေး,./dictionary-ver/ပညာရေး.png
ပညာရေးဝန်ကြီးဌာန,./dictionary-ver/ပညာရေးဝန်ကြီးဌာန.png
ပတ်ချည်,./dictionary-ver/ပတ်ချည်.png
ပတ်တီးလိပ်,./dictionary-ver/ပတ်တီးလိပ်.png
ပတ်တီးလိပ်(၁),./dictionary-ver/ပတ်တီးလိပ်၁.png
ပတ်ထုပ်,./dictionary-ver/ပတ်ထုပ်.png
ပတ်ထုပ် (စောင်နဲ့),./dictionary-ver/ပတ်ထုပ် (စောင်နဲ့).png
ပတ်ဝန်းကျင်,./dictionary-ver/ပတ်ဝန်းကျင်.png
ပတ်ဝန်းကျင်(၁),./dictionary-ver/ပတ်ဝန်းကျင်၁.png
ပတ်ဝန်းကျင်(၂),./dictionary-ver/ပတ်ဝန်းကျင်၂.png
ပထမတန်း,./dictionary-ver/ပထမတန်း.png
ပထမနှစ်,./dictionary-ver/ပထမနှစ်.png
ပထမမြန်မာနိုင်ငံတော်,./dictionary-ver/ပထမမြန်မာနိုင်ငံတော်.png
ပထမအဆင့်,./dictionary-ver/ပထမအဆင့်.png
ပထဝီ,./dictionary-ver/ပထဝီ.png
ပဒေသရာဇ်,./dictionary-ver/ပဒေသရာဇ်.png
ပန်း,./dictionary-ver/ပန်း.png
ပန်းခြံ,./dictionary-ver/ပန်းခြံ.png
ပန်းဂေါ်ဖီ,./dictionary-ver/ပန်းဂေါ်ဖီ.png
ပန်းနာ,./dictionary-ver/ပန်းနာ.png
ပန်းသီး,./dictionary-ver/ပန်းသီး.png
ပျက်စီး,./dictionary-ver/ပျက်စီး.png
ပျက်စီး(၁),./dictionary-ver/ပျက်စီး၁.png
ပျံ့နှံ့,./dictionary-ver/ပျံ့နှံ့.png
ပျံ့နှံ့(၁),./dictionary-ver/ပျံ့နှံ့၁.png
ပျား,./dictionary-ver/ပျား.png
ပျား(၁),./dictionary-ver/ပျား၁.png
ပျားတုပ်,./dictionary-ver/ပျားတုပ်.png
ပျားတုပ်(၁),./dictionary-ver/ပျားတုပ်၁.png
ပျူခေတ်,./dictionary-ver/ပျူခေတ်.png
ပျောက်,./dictionary-ver/ပျောက်.png
ပျောက်(၁),./dictionary-ver/ပျောက်၁.png
ပျောက်(၂),./dictionary-ver/ပျောက်၂.png
ပရုတ်ဆီ,./dictionary-ver/ပရုတ်ဆီ.png
ပရုတ်ဆီလိမ်း,./dictionary-ver/ပရုတ်ဆီလိမ်း.png
ပြင်(ကွင်း),./dictionary-ver/ပြင်(ကွင်း).png
ပြင်(ရေ),./dictionary-ver/ပြင်(ရေ).png
ပြင်းထန်,./dictionary-ver/ပြင်းထန်.png
ပြင်းထန်(၁),./dictionary-ver/ပြင်းထန်၁.png
ပြင်ဦးလွင်,./dictionary-ver/ပြင်ဦးလွင်.png
ပြစ်ဒဏ်,./dictionary-ver/ပြစ်ဒဏ်.png
ပြည့်ကျပ်,./dictionary-ver/ပြည့်ကျပ်.png
ပြည်ထောင်စုနေ့,./dictionary-ver/ပြည်ထောင်စုနေ့.png
ပြည်ထဲရေးရာဝန်ကြီးဌာန,./dictionary-ver/ပြည်ထဲရေးရာဝန်ကြီးဌာန.png
ပြည်လုံးကျွတ်ညီလာခံ,./dictionary-ver/ပြည်လုံးကျွတ်ညီလာခံ.png
ပြဌာန်း,./dictionary-ver/ပြဌာန်း.png
ပြတင်း,./dictionary-ver/ပြတင်း.png
ပြတင်းပေါက်,./dictionary-ver/ပြတင်းပေါက်.png
ပြန်ကြားရေးဝန်ကြီးဌာန,./dictionary-ver/ပြန်ကြားရေးဝန်ကြီးဌာန.png
ပြန်ပေး(အမ်း),./dictionary-ver/ပြန်ပေး(အမ်း).png
ပြပြ,./dictionary-ver/ပြပြ.png
ပြဿနာ,./dictionary-ver/ပြဿနာ.png
ပြိုကျ,./dictionary-ver/ပြိုကျ.png
ပြိုင်,./dictionary-ver/ပြိုင်.png
ပြီး,./dictionary-ver/ပြီး.png
ပြီး၁,./dictionary-ver/ပြီး၁.png
ပြီးပြီ,./dictionary-ver/ပြီးပြီ.png
ပြီးပြီလား,./dictionary-ver/ပြီးပြီလား.png
ပြုတ်ကျ,./dictionary-ver/ပြုတ်ကျ.png
ပြေး,./dictionary-ver/ပြေး.png
ပြေး(၁),./dictionary-ver/ပြေး၁.png
ပြေးထွက် (အိမ်ထဲက),./dictionary-ver/ပြေးထွက် (အိမ်ထဲက).png
ပြေးလွှား,./dictionary-ver/ပြေးလွှား.png
ပြောင်း,./dictionary-ver/ပြောင်း.png
ပလပ်တပ်,./dictionary-ver/ပလပ်တပ်.png
ပလပ်တပ်(၁),./dictionary-ver/ပလပ်တပ်၁.png
ပလာစတာ,./dictionary-ver/ပလာစတာ.png
ပါကစ္စတန်,./dictionary-ver/ပါကစ္စတန်.png
ပါသွား,./dictionary-ver/ပါသွား.png
ပိဋကတ်သုံးပုံ,./dictionary-ver/ပိဋကတ်သုံးပုံ.png
ပိတ်,./dictionary-ver/ပိတ်.png
ပိတ်ဆို့,./dictionary-ver/ပိတ်ဆို့.png
ပိန်ရှုံ့,./dictionary-ver/ပိန်ရှုံ့.png
ပိရမစ်,./dictionary-ver/ပိရမစ်.png
ပိဿာ,./dictionary-ver/ပိဿာ.png
ပို့,./dictionary-ver/ပို့.png
ပိုက်ဆံ,./dictionary-ver/ပိုက်ဆံ.png
ပိုက်ဆံခိုး,./dictionary-ver/ပိုက်ဆံခိုး.png
ပိုက်ဆံအိတ်,./dictionary-ver/ပိုက်ဆံအိတ်.png
ပိုက်ဆံအိတ်(၁),./dictionary-ver/ပိုက်ဆံအိတ်၁.png
ပိုက်ဆံအိတ်(၂),./dictionary-ver/ပိုက်ဆံအိတ်၂.png
ပိုက်လိုင်း,./dictionary-ver/ပိုက်လိုင်း.png
ပိုင်,./dictionary-ver/ပိုင်.png
ပို့ဆောင်ရေးဝန်ကြီးဌာန,./dictionary-ver/ပို့ဆောင်ရေးဝန်ကြီးဌာန.png
ပိုးသတ်ဆေး,./dictionary-ver/ပိုးသတ်ဆေး.png
ပုဂံ,./dictionary-ver/ပုဂံ.png
ပုဂံခေတ်,./dictionary-ver/ပုဂံခေတ်.png
ပုစွန်,./dictionary-ver/ပုစွန်.png
ပုစွန်(၁),./dictionary-ver/ပုစွန်၁.png
ပုန်ကန်,./dictionary-ver/ပုန်ကန်.png
ပုပ္ပါးတောင်,./dictionary-ver/ပုပ္ပါးတောင်.png
ပုလင်း,./dictionary-ver/ပုလင်း.png
ပုလင်း(၁),./dictionary-ver/ပုလင်း၁.png
ပုံသဏ္ဍာန်,./dictionary-ver/ပုံသဏ္ဍာန်.png
ပူဇောပသ,./dictionary-ver/ပူဇောပသ.png
ပူပြင်း,./dictionary-ver/ပူပြင်း.png
ပေ,./dictionary-ver/ပေ.png
ပေး,./dictionary-ver/ပေး.png
ပေ(၁),./dictionary-ver/ပေ၁.png
ပေးပါ,./dictionary-ver/ပေးပါ.png
ပေးပါ(၁), ./dictionary-ver/ပေးပါ၁.png
ပေါက်ကရ,./dictionary-ver/ပေါက်ကရ.png
ပေါက်ကရ(၁),./dictionary-ver/ပေါက်ကရ၁.png
ပေါက်ကွဲ,./dictionary-ver/ပေါက်ကွဲ.png
ပေါင်,./dictionary-ver/ပေါင်.png
ပေါင်း,./dictionary-ver/ပေါင်း.png
ပေါင်ပို,./dictionary-ver/ပေါင်ပို.png
ပေါ်ပေါက်,./dictionary-ver/ပေါ်ပေါက်.png
ပဲ့ကျ (မြေကြီး),./dictionary-ver/ပဲ့ကျ (မြေကြီး).png
ပဲတောင့်ရှည်,./dictionary-ver/ပဲတောင့်ရှည်.png
ဖ,./dictionary-ver/ဖ.png
ဖ (YGN),./dictionary-ver/ဖ (YGN).png
ဖ.ဆ.ပ.လခေတ်,./dictionary-ver/ဖ.ဆ.ပ.လခေတ်.png
ဖက်ဆစ်ဝါဒ,./dictionary-ver/ဖက်ဆစ်ဝါဒ.png
ဖန်,./dictionary-ver/ဖန်.png
ဖမ်း,./dictionary-ver/ဖမ်း.png
ဖမ်း(၁),./dictionary-ver/ဖမ်း၁.png
ဖယောင်းတိုင်,./dictionary-ver/ဖယောင်းတိုင်.png
ဖျော်,./dictionary-ver/ဖျော်.png
ဖရိုဖရဲ,./dictionary-ver/ဖရိုဖရဲ.png
ဖရဲသီး,./dictionary-ver/ဖရဲသီး.png
ဖြစ်ချင်တာဖြစ်,./dictionary-ver/ဖြစ်ချင်တာဖြစ်.png
ဖြစ်နေရင်,./dictionary-ver/ဖြစ်နေရင်.png
ဖြစ်သွားရင်,./dictionary-ver/ဖြစ်သွားရင်.png
ဖြန်း,./dictionary-ver/ဖြန်း.png
ဖြန်း(၁),./dictionary-ver/ဖြန်း၁.png
ဖြေနိုင်တယ်,./dictionary-ver/ဖြေနိုင်တယ်.png
ဖြေနိုင်လား,./dictionary-ver/ဖြေနိုင်လား.png
ဖွင့်,./dictionary-ver/ဖွင့်.png
ဖိထား,./dictionary-ver/ဖိထား.png
ဖိနပ်,./dictionary-ver/ဖိနပ်.png
ဖိနပ်စွပ်,./dictionary-ver/ဖိနပ်စွပ်.png
ဖိနပ်စီး,./dictionary-ver/ဖိနပ်စီး.png
ဖိလစ်ပိုင်,./dictionary-ver/ဖိလစ်ပိုင်.png
ဖုထ,./dictionary-ver/ဖုထ.png
ဖုန်း,./dictionary-ver/ဖုန်း.png
ဖုန်းခေါ်,./dictionary-ver/ဖုန်းခေါ်.png
ဖုန်းဆက်,./dictionary-ver/ဖုန်းဆက်.png
ဖုန်းမိုးကြိုးပစ်,./dictionary-ver/ဖုန်းမိုးကြိုးပစ်.png
ဖုန်းသုံး,./dictionary-ver/ဖုန်းသုံး.png
ဖုံးအုပ်,./dictionary-ver/ဖုံးအုပ်.png
ဖူးယောင်,./dictionary-ver/ဖူးယောင်.png
ဖူးရောင်,./dictionary-ver/ဖူးရောင်.png
ဗ,./dictionary-ver/ဗ.png
ဗ (YGN),./dictionary-ver/ဗ (YGN).png
ဗွက်အိုင်,./dictionary-ver/ဗွက်အိုင်.png
ဗိသုကာ,./dictionary-ver/ဗိသုကာ.png
ဗိုလ်မြတ်ထွန်း,./dictionary-ver/ဗိုလ်မြတ်ထွန်း.png
ဗီယက်နမ်,./dictionary-ver/ဗီယက်နမ်.png
ဗုဒ္ဓဘာသာ,./dictionary-ver/ဗုဒ္ဓဘာသာ.png
ဗုဒ္ဓဟူးနေ့,./dictionary-ver/ဗုဒ္ဓဟူးနေ့.png
ဘ,./dictionary-ver/ဘ.png
ဘင်္ဂလားဒေ့(ရှ်),./dictionary-ver/ဘင်္ဂလားဒေ့(ရှ်).png
ဘဏ္ဍာရေးနှင့် အခွန်ဝန်ကြီးဌာန,./dictionary-ver/ဘဏ္ဍာရေးနှင့် အခွန်ဝန်ကြီးဌာန.png
ဘဏ်,./dictionary-ver/ဘဏ်.png
ဘဏ်တိုက်,./dictionary-ver/ဘဏ်တိုက်.png
ဘတ်စကတ်ဘော,./dictionary-ver/ဘတ်စကတ်ဘော.png
ဘတ်စ်ကား,./dictionary-ver/ဘတ်စ်ကား.png
ဘတ်စ်ကား(၁),./dictionary-ver/ဘတ်စ်ကား၁.png
ဘန်ကောက်,./dictionary-ver/ဘန်ကောက်.png
ဘယ်နေရာလဲ,./dictionary-ver/ဘယ်နေရာလဲ.png
ဘယ်မှာလဲ,./dictionary-ver/ဘယ်မှာလဲ.png
ဘယ်လို,./dictionary-ver/ဘယ်လို.png
ဘယ်လိုကြောင့်လဲ,./dictionary-ver/ဘယ်လိုကြောင့်လဲ.png
ဘယ်လိုအကြောင့်ကြောင့်လဲ,./dictionary-ver/ဘယ်လိုအကြောင့်ကြောင့်လဲ.png
ဘယ်လောက်,./dictionary-ver/ဘယ်လောက်.png
ဘယ်လောက်လဲ,./dictionary-ver/ဘယ်လောက်လဲ.png
ဘယ်လဲ,./dictionary-ver/ဘယ်လဲ.png
ဘယ်သူ,./dictionary-ver/ဘယ်သူ.png
ဘာဖြစ်,./dictionary-ver/ဘာဖြစ်.png
ဘာဖြစ်(၁),./dictionary-ver/ဘာဖြစ်၁.png
ဘာဖြစ်လို့လဲ,./dictionary-ver/ဘာဖြစ်လို့လဲ.png
ဘာဖြစ်လဲ,./dictionary-ver/ဘာဖြစ်လဲ.png
ဘာလဲ,./dictionary-ver/ဘာလဲ.png
ဘာလဲ(၁),./dictionary-ver/ဘာလဲ၁.png
ဘာလဲ(၂),./dictionary-ver/ဘာလဲ၂.png
ဘာသာ (ကိုးကွယ်သည့်),./dictionary-ver/ဘာသာ(ကိုးကွယ်သည့်).png
ဘာသာရပ်,./dictionary-ver/ဘာသာရပ်.png
ဘာအတွက်လဲ,./dictionary-ver/ဘာအတွက်လဲ.png
ဘိလိယက်,./dictionary-ver/ဘိလိယက်.png
ဘိသိတ်,./dictionary-ver/ဘိသိတ်.png
ဘုန်းလက်ရုံး,./dictionary-ver/ဘုန်းလက်ရုံး.png
ဘုရင်,./dictionary-ver/ဘုရင်.png
ဘုရင့်နောင်,./dictionary-ver/ဘုရင့်နောင်.png
ဘုရား,./dictionary-ver/ဘုရား.png
ဘူး,./dictionary-ver/ဘူး.png
ဘူး(၁),./dictionary-ver/ဘူး၁.png
ဘူး(မီးသတ်ဘူး),./dictionary-ver/ဘူး(မီးသတ်ဘူး).png
ဘူး(အနီ),./dictionary-ver/ဘူး(အနီ).png
ဘူတာ,./dictionary-ver/ဘူတာ.png
ဘူတာကြီး,./dictionary-ver/ဘူတာကြီး.png
ဘေးချ,./dictionary-ver/ဘေးချ.png
ဘေဘီလိုးနီးယားခေတ်,./dictionary-ver/ဘေဘီလိုးနီးယားခေတ်.png
ဘေးအိမ်,./dictionary-ver/ဘေးအိမ်.png
ဘောဂဗေဒ,./dictionary-ver/ဘောဂဗေဒ.png
ဘောလုံး,./dictionary-ver/ဘောလုံး.png
ဘောလုံး(၁),./dictionary-ver/ဘောလုံး၁.png
ဘောလုံးပွဲ,./dictionary-ver/ဘောလုံးပွဲ.png
ဘော်လီဘော,./dictionary-ver/ဘော်လီဘော.png
မ,./dictionary-ver/မ.png
မကောင်း,./dictionary-ver/မကောင်း.png
မဂၤလာပါ,./dictionary-ver/မဂၤလာပါ.png
မင်း,./dictionary-ver/မင်း.png
မင်း(၁),./dictionary-ver/မင်း၁.png
မင်း(၂),./dictionary-ver/မင်း၂.png
မင်းကျင့်တရား,./dictionary-ver/မင်းကျင့်တရား.png
မင်းကွန်း,./dictionary-ver/မင်းကွန်း.png
မင်းဂွတ်သီး,./dictionary-ver/မင်းဂွတ်သီး.png
မင်းဆက်များ,./dictionary-ver/မင်းဆက်များ.png
မင်းတုန်းမင်း,./dictionary-ver/မင်းတုန်းမင်း.png
မင်းသမီး,./dictionary-ver/မင်းသမီး.png
မင်းသား,./dictionary-ver/မင်းသား.png
မဆိုးဘူး,./dictionary-ver/မဆိုးဘူး.png
မတည့်,./dictionary-ver/မတည့်.png
မတွေ့,./dictionary-ver/မတွေ့.png
မတိုင်ခင်,./dictionary-ver/မတိုင်ခင်.png
မတ်တပ်ရပ်,./dictionary-ver/မတ်တပ်ရပ်.png
မတ်တပ်ရပ်(၁),./dictionary-ver/မတ်တပ်ရပ်၁.png
မနက်,./dictionary-ver/မနက်.png
မနက်(၁),./dictionary-ver/မနက်၁.png
မနက်(၂),./dictionary-ver/မနက်၂.png
မနက်(၃),./dictionary-ver/မနက်၃.png
မနက်ဖြန်,./dictionary-ver/မနက်ဖြန်.png
မနေ့က,./dictionary-ver/မနေ့က.png
မန္တလေး,./dictionary-ver/မန္တလေး.png
မန္တလေး(၁),./dictionary-ver/မန္တလေး၁.png
မဖြစ်,./dictionary-ver/မဖြစ်.png
မဖြစ်နဲ့,./dictionary-ver/မဖြစ်နဲ့.png
မဖြစ်သေး,./dictionary-ver/မဖြစ်သေး.png
မဖြစ်သေးခင်,./dictionary-ver/မဖြစ်သေးခင်.png
မဖြေနိုင်ဘူး,./dictionary-ver/မဖြေနိုင်ဘူး.png
မံမီ,./dictionary-ver/မံမီ.png
မျက်စဉ်းဆေး,./dictionary-ver/မျက်စဉ်းဆေး.png
မျက်စဉ်းဆေးဘူး,./dictionary-ver/မျက်စဉ်းဆေးဘူး.png
မျက်စိ,./dictionary-ver/မျက်စိ.png
မျက်စိ(၁),./dictionary-ver/မျက်စိ၁.png
မျက်စိဝါး,./dictionary-ver/မျက်စိဝါး.png
မျက်နှာ,./dictionary-ver/မျက်နှာ.png
မျက်နှာနီယား,./dictionary-ver/မျက်နှာနီယား.png
မျက်နှာအုပ်,./dictionary-ver/မျက်နှာအုပ်.png
မျှစ်,./dictionary-ver/မျှစ်.png
မျှော်,./dictionary-ver/မျှော်.png
မျှော်စင်,./dictionary-ver/မျှော်စင်.png
မျှော်စင်(၁),./dictionary-ver/မျှော်စင်၁.png
များ,./dictionary-ver/များ.png
များတယ်,./dictionary-ver/များတယ်.png
များတယ်(၁),./dictionary-ver/များတယ်၁.png
များလား,./dictionary-ver/များလား.png
မျိုချ,./dictionary-ver/မျိုချ.png
မရခက်,./dictionary-ver/မရခက်.png
မရဘူးလား,./dictionary-ver/မရဘူးလား.png
မရှိ,./dictionary-ver/မရှိ.png
မြင်,./dictionary-ver/မြင်.png
မြင်(၁),./dictionary-ver/မြင်၁.png
မြစ်,./dictionary-ver/မြစ်.png
မြစ်(၁),./dictionary-ver/မြစ်၁.png
မြစ်နှစ်မွှာမြစ်ဝှမ်းဒေသ,./dictionary-ver/မြစ်နှစ်မွှာမြစ်ဝှမ်းဒေသ.png
မြစ်ရေ,./dictionary-ver/မြစ်ရေ.png
မြန်မြန်,./dictionary-ver/မြန်မြန်.png
မြန်မြန်မြန်မြန်,./dictionary-ver/မြန်မြန်မြန်မြန်.png
မြန်မာ,./dictionary-ver/မြန်မာ.png
မြွေ,./dictionary-ver/မြွေ.png
မြွေကိုက်,./dictionary-ver/မြွေကိုက်.png
မြွေကိုက်ခံရ,./dictionary-ver/မြွေကိုက်ခံရ.png
မြေကြီး,./dictionary-ver/မြေကြီး.png
မြေနိမ့်,./dictionary-ver/မြေနိမ့်.png
မြေပဲ,./dictionary-ver/မြေပဲ.png
မြောင်း, ./dictionary-ver/မြောင်း.png
မြောင်း(၁),./dictionary-ver/မြောင်း၁.png
မလုပ်,./dictionary-ver/မလုပ်.png
မလုပ်(၁),./dictionary-ver/မလုပ်၁.png
မလုပ်နဲ့,./dictionary-ver/မလုပ်နဲ့.png
မလုပ်နဲ့(၁),./dictionary-ver/မလုပ်နဲ့၁.png
မလုပ်ရ,./dictionary-ver/မလုပ်ရ.png
မလုပ်သင့်,./dictionary-ver/မလုပ်သင့်.png
မလေးရှား,./dictionary-ver/မလေးရှား.png
မွေး,./dictionary-ver/မွေး.png
မွေး(၁),./dictionary-ver/မွေး၁.png
မွေးနေ့,./dictionary-ver/မွေးနေ့.png
မွေးမြူရေးနှင့် ရေလုပ်ငန်းဝန်ကြီးဌာန,./dictionary-ver/မွေးမြူရေးနှင့် ရေလုပ်ငန်းဝန်ကြီးဌာန.png
မသုံးနဲ့,./dictionary-ver/မသုံးနဲ့.png
မသေချာ,./dictionary-ver/မသေချာ.png
မဟာတံတိုင်းကြီး,./dictionary-ver/မဟာတံတိုင်းကြီး.png
မဟာဗန္ဓုလ,./dictionary-ver/မဟာဗန္ဓုလ.png
မဟုတ်,./dictionary-ver/မဟုတ်.png
မဟုတ်ဘူး,./dictionary-ver/မဟုတ်ဘူး.png
မဟုတ်ဘူးမဟုတ်ဘူး,./dictionary-ver/မဟုတ်ဘူးမဟုတ်ဘူး.png
မှတ်,./dictionary-ver/မှတ်.png
မှတ်(၁),./dictionary-ver/မှတ်၁.png
မှတ်ပုံတင်,./dictionary-ver/မှတ်ပုံတင်.png
မှတ်ပုံတင်(၁),./dictionary-ver/မှတ်ပုံတင်၁.png
မှတ်မိတယ်,./dictionary-ver/မှတ်မိတယ်.png
မှန်,./dictionary-ver/မှန်.png
မှန်သုတ်,./dictionary-ver/မှန်သုတ်.png
မှန်အကွဲ,./dictionary-ver/မှန်အကွဲ.png
မှို,./dictionary-ver/မှို.png
မှုန့်,./dictionary-ver/မှုန့်.png
မှူးမတ်,./dictionary-ver/မှူးမတ်.png
မာ,./dictionary-ver/မာ.png
မိနစ်,./dictionary-ver/မိနစ်.png
မိန်းကလေး,./dictionary-ver/မိန်းကလေး.png
မိန်းကလေး(၁),./dictionary-ver/မိန်းကလေး၁.png
မိန်းချ,./dictionary-ver/မိန်းချ.png
မိဖုရား,./dictionary-ver/မိဖုရား.png
မိသားစု,./dictionary-ver/မိသားစု.png
မိသားစု(၁),./dictionary-ver/မိသားစု၁.png
မိသားစု(၂),./dictionary-ver/မိသားစု၂.png
မိုး,./dictionary-ver/မိုး.png
မိုးကြိုးပစ်ခြင်း,./dictionary-ver/မိုးကြိုးပစ်ခြင်း.png
မိုးကြီး,./dictionary-ver/မိုးကြီး.png
မိုးကာ,./dictionary-ver/မိုးကာ.png
မိုးချုပ်,./dictionary-ver/မိုးချုပ်.png
မိုးချုပ်(၁),./dictionary-ver/မိုးချုပ်၁.png
မိုင်,./dictionary-ver/မိုင်.png
မိုင်တိုင်,./dictionary-ver/မိုင်တိုင်.png
မိုင်နှုန်း,./dictionary-ver/မိုင်နှုန်း.png
မိုင်နှုန်းကျော်,./dictionary-ver/မိုင်နှုန်းကျော်.png
မိုးဖွဲ,./dictionary-ver/မိုးဖွဲ.png
မိုးရွာ,./dictionary-ver/မိုးရွာ.png
မိုးရာသီ,./dictionary-ver/မိုးရာသီ.png
မိုးလေဝသ,./dictionary-ver/မိုးလေဝသ.png
မိုးအုံ့,./dictionary-ver/မိုးအုံ့.png
မီး,./dictionary-ver/မီး.png
မီးကပ်,./dictionary-ver/မီးကပ်.png
မီးကပ်(၁),./dictionary-ver/မီးကပ်၁.png
မီးကပ်နဲ့ရိုက်ပုတ်,./dictionary-ver/မီးကပ်နဲ့ရိုက်ပုတ်.png
မီးချိတ်,./dictionary-ver/မီးချိတ်.png
မီးခြစ်,./dictionary-ver/မီးခြစ်.png
မီးခလုတ်,./dictionary-ver/မီးခလုတ်.png
မီးငြိမ်း,./dictionary-ver/မီးငြိမ်း.png
မီးစွဲလောင်,./dictionary-ver/မီးစွဲလောင်.png
မီးပိတ်,./dictionary-ver/မီးပိတ်.png
မီးပူတိုက်,./dictionary-ver/မီးပူတိုက်.png
မီးဖြတ်,./dictionary-ver/မီးဖြတ်.png
မီးမွှေး,./dictionary-ver/မီးမွှေး.png
မီးမှုတ်,./dictionary-ver/မီးမှုတ်.png
မီးလင်း,./dictionary-ver/မီးလင်း.png
မီးလောင်,./dictionary-ver/မီးလောင်.png
မီးလောင်(၁),./dictionary-ver/မီးလောင်၁.png
မီးလောင်များ,./dictionary-ver/မီးလောင်များ.png
မီးလောင်များလား,./dictionary-ver/မီးလောင်များလား.png
မီးသတ်,./dictionary-ver/မီးသတ်.png
မီးသတ်ကားလာရင်,./dictionary-ver/မီးသတ်ကားလာရင်.png
မီးသတ်သမား,./dictionary-ver/မီးသတ်သမား.png
မုန့်,./dictionary-ver/မုန့်.png
မုန်းညင်းဖြူ,./dictionary-ver/မုန်းညင်းဖြူ.png
မုန်တိုင်း,./dictionary-ver/မုန်တိုင်း.png
မုန်တိုင်း(၁),./dictionary-ver/မုန်တိုင်း၁.png
မုန်လာဥနီ,./dictionary-ver/မုန်လာဥနီ.png
မုန်လာဥဖြူ,./dictionary-ver/မုန်လာဥဖြူ.png
မုန့်ဟင်းခါး,./dictionary-ver/မုန့်ဟင်းခါး.png
မူကြို,./dictionary-ver/မူကြို.png
မူလတန်း,./dictionary-ver/မူလတန်း.png
မော,./dictionary-ver/မော.png
မောင်လေး,./dictionary-ver/မောင်လေး.png
မောင်းသွား,./dictionary-ver/မောင်းသွား.png
မော်တော်ဆိုင်ကယ်,./dictionary-ver/မော်တော်ဆိုင်ကယ်.png
ယ,./dictionary-ver/ယ.png
ယ (YGN),./dictionary-ver/ယ (YGN).png
ယဉ်ကျေးမှု,./dictionary-ver/ယဉ်ကျေးမှု.png
ယဉ်ကျေးမှုဝန်ကြီးဌာန,./dictionary-ver/ယဉ်ကျေးမှုဝန်ကြီးဌာန.png
ယာဉ်မောင်း,./dictionary-ver/ယာဉ်မောင်း.png
ယားယံ,./dictionary-ver/ယားယံ.png
ယိုစိမ့်,./dictionary-ver/ယိုစိမ့်.png
ယူ,./dictionary-ver/ယူ.png
ယူလာ,./dictionary-ver/ယူလာ.png
ယူလာ(၁), ./dictionary-ver/ယူလာ၁.png
ယူလာ(၂),./dictionary-ver/ယူလာ၂.png
ယူသွား,./dictionary-ver/ယူသွား.png
ယောက်ျားလေး,./dictionary-ver/ယောက်ျားလေး.png
ျ,./dictionary-ver/ျ.png
ရ,./dictionary-ver/ရ.png
ရ (YGN),./dictionary-ver/ရ (YGN).png
ရက်,./dictionary-ver/ရက်.png
ရက်(၁),./dictionary-ver/ရက်၁.png
ရင်,./dictionary-ver/ရင်.png
ရင်ကျပ်,./dictionary-ver/ရင်ကျပ်.png
ရင်ကြပ်ပန်းနာရောဂါ,./dictionary-ver/ရင်ကြပ်ပန်းနာရောဂါ.png
ရင်ခုန်,./dictionary-ver/ရင်ခုန်.png
ရင်ဘတ်အောင့်,./dictionary-ver/ရင်ဘတ်အောင့်.png
ရည်းစား,./dictionary-ver/ရည်းစား.png
ရည်းစား(၁),./dictionary-ver/ရည်းစား၁.png
ရတနာပုံခေတ်,./dictionary-ver/ရတနာပုံခေတ်.png
ရတယ်,./dictionary-ver/ရတယ်.png
ရထား,./dictionary-ver/ရထား.png
ရထား(၁),./dictionary-ver/ရထား၁.png
ရထားပို့ဆောင်ရေးဝန်ကြီးဌာန,./dictionary-ver/ရထားပို့ဆောင်ရေးဝန်ကြီးဌာန.png
ရန်ကုန်,./dictionary-ver/ရန်ကုန်.png
ရန်ကုန်(၁),./dictionary-ver/ရန်ကုန်၁.png
ရပ်,./dictionary-ver/ရပ်.png
ရပ်(၁),./dictionary-ver/ရပ်၁.png
ရပ်ကွက်,./dictionary-ver/ရပ်ကွက်.png
ရပ်ပါ,./dictionary-ver/ရပ်ပါ.png
ရယူ,./dictionary-ver/ရယူ.png
ရလား,./dictionary-ver/ရလား.png
ရွပ်ရွပ်ချွံချွံ,./dictionary-ver/ရွပ်ရွပ်ချွံချွံ.png
ရွှေဖရုံသီး,./dictionary-ver/ရွှေဖရုံသီး.png
ရွာ,./dictionary-ver/ရွာ.png
ရွာ(၁),./dictionary-ver/ရွာ၁.png
ရွေးကောက်ပွဲ,./dictionary-ver/ရွေးကောက်ပွဲ.png
ရှစ်,./dictionary-ver/ရှစ်.png
ရှစ်ထောင်,./dictionary-ver/ရှစ်ထောင်.png
ရှစ်သောင်း,./dictionary-ver/ရှစ်သောင်း.png
ရှမ်းခေါက်ဆွဲ,./dictionary-ver/ရှမ်းခေါက်ဆွဲ.png
ရှိ,./dictionary-ver/ရှိ.png
ရှိတယ်,./dictionary-ver/ရှိတယ်.png
ရှိပါ,./dictionary-ver/ရှိပါ.png
ရှိလား(၁),./dictionary-ver/ရှိလား၁.png
ရှိလား(၂),./dictionary-ver/ရှိလား၂.png
ရှိလား(၃),./dictionary-ver/ရှိလား၃.png
ရှိလား(၄),./dictionary-ver/ရှိလား၄.png
ရှေ့ဆုံးတန်း,./dictionary-ver/ရှေ့ဆုံးတန်း.png
ရှေ့နေ,./dictionary-ver/ရှေ့နေ.png
ရှေ့နေချုပ်ရုံး,./dictionary-ver/ရှေ့နေချုပ်ရုံး.png
ရှေးဦးလူ,./dictionary-ver/ရှေးဦးလူ.png
ရှော့,./dictionary-ver/ရှော့.png
ရှောက်ချိုသီး,./dictionary-ver/ရှောက်ချိုသီး.png
ရှောက်သီး,./dictionary-ver/ရှောက်သီး.png
ရှောင်,./dictionary-ver/ရှောင်.png
ရှောင်(၁),./dictionary-ver/ရှောင်၁.png
ရှောင်(၂),./dictionary-ver/ရှောင်၂.png
ရာဇပလ္လင်,./dictionary-ver/ရာဇပလ္လင်.png
ရာဇသံ,./dictionary-ver/ရာဇသံ.png
ရာထူး,./dictionary-ver/ရာထူး.png
ရာဘာ,./dictionary-ver/ရာဘာ.png
ရာသီ,./dictionary-ver/ရာသီ.png
ရာသီဥတု,./dictionary-ver/ရာသီဥတု.png
ရိက္ခာ,./dictionary-ver/ရိက္ခာ.png
ရိုက်,./dictionary-ver/ရိုက်.png
ရိုက်နှက်,./dictionary-ver/ရိုက်နှက်.png
ရိုက်ပုတ်,./dictionary-ver/ရိုက်ပုတ်.png
ရိုက်ပုတ်ငြှိမ်းသတ်,./dictionary-ver/ရိုက်ပုတ်ငြှိမ်းသတ်.png
ရုံး,./dictionary-ver/ရုံး.png
ရုန်း,./dictionary-ver/ရုန်း.png
ရုန်း(၁),./dictionary-ver/ရုန်း၁.png
ရုပ်ကြွ,./dictionary-ver/ရုပ်ကြွ.png
ရုပ်ရှင်,./dictionary-ver/ရုပ်ရှင်.png
ရုပ်အလောင်း,./dictionary-ver/ရုပ်အလောင်း.png
ရူပဗေဒ,./dictionary-ver/ရူပဗေဒ.png
ရေ,./dictionary-ver/ရေ.png
ရေး,./dictionary-ver/ရေး.png
ရေး(၁),./dictionary-ver/ရေး၁.png
ရေကျ,./dictionary-ver/ရေကျ.png
ရေကြီး,./dictionary-ver/ရေကြီး.png
ရေကြီး (မြေနိမ့်),./dictionary-ver/ရေကြီး (မြေနိမ့်).png
ရေကြီး(၁),./dictionary-ver/ရေကြီး၁.png
ရေကြီး(၂),./dictionary-ver/ရေကြီး၂.png
ရေကြီး(မြေနိမ့်နေရာတွင်),./dictionary-ver/ရေကြီး(မြေနိမ့်နေရာတွင်).png
ရေကြီးနေတယ်,./dictionary-ver/ရေကြီးနေတယ်.png
ရေကူး,./dictionary-ver/ရေကူး.png
ရေကူး(၁),./dictionary-ver/ရေကူး၁.png
ရေချိုး,./dictionary-ver/ရေချိုး.png
ရေခွက်,./dictionary-ver/ရေခွက်.png
ရေစွတ်,./dictionary-ver/ရေစွတ်.png
ရေစိမ်,./dictionary-ver/ရေစိမ်.png
ရေစို,./dictionary-ver/ရေစို.png
ရေစိုနေ,./dictionary-ver/ရေစိုနေ.png
ရေစု,./dictionary-ver/ရေစု.png
ရေညှစ်,./dictionary-ver/ရေညှစ်.png
ရေတံခွန်,./dictionary-ver/ရေတံခွန်.png
ရေဒီယို,./dictionary-ver/ရေဒီယို.png
ရေနစ်,./dictionary-ver/ရေနစ်.png
ရေနစ်နေ,./dictionary-ver/ရေနစ်နေ.png
ရေနွေးပူလောင်,./dictionary-ver/ရေနွေးပူလောင်.png
ရေပိုက်ပေါက်,./dictionary-ver/ရေပိုက်ပေါက်.png
ရေပိုက်ယို,./dictionary-ver/ရေပိုက်ယို.png
ရေပုံး,./dictionary-ver/ရေပုံး.png
ရေဘူး,./dictionary-ver/ရေဘူး.png
ရေမြောင်း,./dictionary-ver/ရေမြောင်း.png
ရေလျှံ,./dictionary-ver/ရေလျှံ.png
ရေလျှံကျ,./dictionary-ver/ရေလျှံကျ.png
ရေလွှမ်းမိုး,./dictionary-ver/ရေလွှမ်းမိုး.png
ရေလောင်း,./dictionary-ver/ရေလောင်း.png
ရေဝင်,./dictionary-ver/ရေဝင်.png
ရေအပြည့်,./dictionary-ver/ရေအပြည့်.png
ရောဂါ,./dictionary-ver/ရောဂါ.png
ရောဂါ(၁),./dictionary-ver/ရောဂါ၁.png
ရောဂါကူးစက်,./dictionary-ver/ရောဂါကူးစက်.png
ရောဂါပိုး,./dictionary-ver/ရောဂါပိုး.png
ရောမ,./dictionary-ver/ရောမ.png
ရဲ,./dictionary-ver/ရဲ.png
ရဲဘော်,./dictionary-ver/ရဲဘော်.png
ြ,./dictionary-ver/ြ.png
လ,./dictionary-ver/လ.png
လ(Month),./dictionary-ver/လ(Month).png
လက်,./dictionary-ver/လက်.png
လက်(၁),./dictionary-ver/လက်၁.png
လက်(၂),./dictionary-ver/လက်၂.png
လက်ကျိုးသွား,./dictionary-ver/လက်ကျိုးသွား.png
လက်ကျိုးသွား(၁),./dictionary-ver/လက်ကျိုးသွား၁.png
လက်ဆွဲပုံး,./dictionary-ver/လက်ဆွဲပုံး.png
လက်ထည့်,./dictionary-ver/လက်ထည့်.png
လက်ထပ်,./dictionary-ver/လက်ထပ်.png
လက်ထောက်ညွှန်ကြားရေးမှူး,./dictionary-ver/လက်ထောက်ညွှန်ကြားရေးမှူး.png
လက်ဖဝါးကသွေးထွက်,./dictionary-ver/လက်ဖဝါးကသွေးထွက်.png
လက်မ,./dictionary-ver/လက်မ.png
လက်မှတ်,./dictionary-ver/လက်မှတ်.png
လက်မှတ် (YGN),./dictionary-ver/လက်မှတ် (YGN).png
လက်မှုပညာ,./dictionary-ver/လက်မှုပညာ.png
လက်ရှ,./dictionary-ver/လက်ရှ.png
လက်လှုပ်,./dictionary-ver/လက်လှုပ်.png
လက်လှုပ်(၁),./dictionary-ver/လက်လှုပ်၁.png
လက်ဝှေ့,./dictionary-ver/လက်ဝှေ့.png
လက်သမား,./dictionary-ver/လက်သမား.png
လက်အပူလောင်,./dictionary-ver/လက်အပူလောင်.png
လက်အိတ်,./dictionary-ver/လက်အိတ်.png
လစ်ဘရယ်ဝါဒ,./dictionary-ver/လစ်ဘရယ်ဝါဒ.png
လည်းချောင်း,./dictionary-ver/လည်းချောင်း.png
လည်ရှည်ဖိနပ်,./dictionary-ver/လည်ရှည်ဖိနပ်.png
လပြည့်နေ့,./dictionary-ver/လပြည့်နေ့.png
လမ်း,./dictionary-ver/လမ်း.png
လမ်း(၁),./dictionary-ver/လမ်း၁.png
လမ်း(၂),./dictionary-ver/လမ်း၂.png
လမ်း(၃),./dictionary-ver/လမ်း၃.png
လမ်းပိတ်,./dictionary-ver/လမ်းပိတ်.png
လမ်းပိတ်(၁),./dictionary-ver/လမ်းပိတ်၁.png
လမ်းဖယ်,./dictionary-ver/လမ်းဖယ်.png
လမ်းရှင်း,./dictionary-ver/လမ်းရှင်း.png
လမ်းရှင်းပေးပါ,./dictionary-ver/လမ်းရှင်းပေးပါ.png
လမ်းလျှောက်လာ,./dictionary-ver/လမ်းလျှောက်လာ.png
လယ်ယာစိုက်ပျိုးရေးနှင့်ဆည်မြောင်းဝန်ကြီးဌာန,./dictionary-ver/လယ်ယာစိုက်ပျိုးရေးနှင့်ဆည်မြောင်းဝန်ကြီးဌာန.png
လျှံ,./dictionary-ver/လျှံ.png
လျှံကျ,./dictionary-ver/လျှံကျ.png
လျှင်,./dictionary-ver/လျှင်.png
လျှံတက်,./dictionary-ver/လျှံတက်.png
လျှပ်စစ်,./dictionary-ver/လျှပ်စစ်.png
လျှပ်စစ်(၁),./dictionary-ver/လျှပ်စစ်၁.png
လျှပ်စစ်(၂),./dictionary-ver/လျှပ်စစ်၂.png
လျှပ်စစ်ကြိုး,./dictionary-ver/လျှပ်စစ်ကြိုး.png
လျှပ်စစ်စွမ်းအားဝန်ကြီးဌာန,./dictionary-ver/လျှပ်စစ်စွမ်းအားဝန်ကြီးဌာန.png
လျှပ်တပြက်,./dictionary-ver/လျှပ်တပြက်.png
လျှောက်ပြော,./dictionary-ver/လျှောက်ပြော.png
လျှောက်ပြောနေ,./dictionary-ver/လျှောက်ပြောနေ.png
လွတ်လပ်ပြီးခေတ်,./dictionary-ver/လွတ်လပ်ပြီးခေတ်.png
လွတ်လပ်ရေးနေ့,./dictionary-ver/လွတ်လပ်ရေးနေ့.png
လွန်ကဲ,./dictionary-ver/လွန်ကဲ.png
လွယ်ကူ,./dictionary-ver/လွယ်ကူ.png
လွှတ်တော်,./dictionary-ver/လွှတ်တော်.png
လှည်းကျင်း,./dictionary-ver/လှည်းကျင်း.png
လှည်းကျင်း(၁),./dictionary-ver/လှည်းကျင်း၁.png
လှည်းတန်း,./dictionary-ver/လှည်းတန်း.png
လှမ်းခေါ်,./dictionary-ver/လှမ်းခေါ်.png
လှမ်းခေါ်(၁),./dictionary-ver/လှမ်းခေါ်၁.png
လှိမ့်ကျ (လှေကားက),./dictionary-ver/လှိမ့်ကျ (လှေကားက).png
လှုပ်,./dictionary-ver/လှုပ်.png
လှုပ်(၁),./dictionary-ver/လှုပ်၁.png
လှေကား,./dictionary-ver/လှေကား.png
လှေကား(၁),./dictionary-ver/လှေကား၁.png
လှေကားပြုတ်ကျ,./dictionary-ver/လှေကားပြုတ်ကျ.png
လှေကားပြုတ်ကျ(၁),./dictionary-ver/လှေကားပြုတ်ကျ၁.png
လှေကားအပေါ်တက်,./dictionary-ver/လှေကားအပေါ်တက်.png
လှောင်,./dictionary-ver/လှောင်.png
လှဲချ,./dictionary-ver/လှဲချ.png
လှဲချ လူးလိမ့်,./dictionary-ver/လှဲချ လူးလိမ့်.png
လှဲချ(၁),./dictionary-ver/လှဲချ၁.png
လာ,./dictionary-ver/လာ.png
လာကြ,./dictionary-ver/လာကြ.png
လာနေပီ,./dictionary-ver/လာနေပီ.png
လာပါ,./dictionary-ver/လာပါ.png
လာပါဦး,./dictionary-ver/လာပါဦး.png
လာပါဦး(၁),./dictionary-ver/လာပါဦး၁.png
လာမယ်,./dictionary-ver/လာမယ်.png
လာမယ်(၁),./dictionary-ver/လာမယ်၁.png
လာလမ်း,./dictionary-ver/လာလမ်း.png
လာလမ်း(၁),./dictionary-ver/လာလမ်း၁.png
လာအို,./dictionary-ver/လာအို.png
လိမ္မော်ရောင်,./dictionary-ver/လိမ္မော်ရောင်.png
လိမ္မော်သီး,./dictionary-ver/လိမ္မော်သီး.png
လိမ်း,./dictionary-ver/လိမ်း.png
လိမ်း(၁),./dictionary-ver/လိမ်း၁.png
လိမ်းဆေး,./dictionary-ver/လိမ်းဆေး.png
လိမ်းဆေးအပူ,./dictionary-ver/လိမ်းဆေးအပူ.png
လိမ့်မယ်,./dictionary-ver/လိမ့်မယ်.png
လိုက်နိုင်ပါတယ်,./dictionary-ver/လိုက်နိုင်ပါတယ်.png
လိုချင်,./dictionary-ver/လိုချင်.png
လိုင်းကြိုး,./dictionary-ver/လိုင်းကြိုး.png
လုံခြုံ,./dictionary-ver/လုံခြုံ.png
လုပ်,./dictionary-ver/လုပ်.png
လုပ်(၁),./dictionary-ver/လုပ်၁.png
လုပ်ကြံ,./dictionary-ver/လုပ်ကြံ.png
လုပ်ရမယ်,./dictionary-ver/လုပ်ရမယ်.png
လုယူ,./dictionary-ver/လုယူ.png
လုယူ(၁),./dictionary-ver/လုယူ၁.png
လုံးဝ,./dictionary-ver/လုံးဝ.png
လုံးဝတပ်မထား,./dictionary-ver/လုံးဝတပ်မထား.png
လူ,./dictionary-ver/လူ.png
လူကျပ်,./dictionary-ver/လူကျပ်.png
လူကိုကားတိုက်,./dictionary-ver/လူကိုကားတိုက်.png
လူစု,./dictionary-ver/လူစု.png
လူတစ်ယောက်,./dictionary-ver/လူတစ်ယောက်.png
လူတွေ,./dictionary-ver/လူတွေ.png
လူနာတင်,./dictionary-ver/လူနာတင်.png
လူနာတင်ယာဉ်,./dictionary-ver/လူနာတင်ယာဉ်.png
လူများ,./dictionary-ver/လူများ.png
လူမျိုးကြီးဝါဒ,./dictionary-ver/လူမျိုးကြီးဝါဒ.png
လူမှုကယ်ဆယ်ရေးနှင့်ပြန်လည်နေရာချထားရေးဝန်ကြီးဌာန,./dictionary-ver/လူမှုကယ်ဆယ်ရေး.png
လူးလှိမ့်,./dictionary-ver/လူးလှိမ့်.png
လူဝင်မှုကြီးကြပ်ရေးနှင့် ပြည်သူ့အင်အားဝန်ကြီးဌာန,./dictionary-ver/လူဝင်မှုကြီးကြပ်ရေးနှင့် ပြည်သူ့အင်အားဝန်ကြီးဌာန.png
လေ,./dictionary-ver/လေ.png
လေး,./dictionary-ver/လေး.png
လေငြိမ်,./dictionary-ver/လေငြိမ်.png
လေဆင်နှာမောင်း,./dictionary-ver/လေဆင်နှာမောင်း.png
လေးဆယ်,./dictionary-ver/လေးဆယ်.png
လေတိုက်တယ်,./dictionary-ver/လေတိုက်တယ်.png
လေးထောင်,./dictionary-ver/လေးထောင်.png
လေပြွန်,./dictionary-ver/လေပြွန်.png
လေဖြတ်,./dictionary-ver/လေဖြတ်.png
လေမတိုက်,./dictionary-ver/လေမတိုက်.png
လေမုန်တိုင်း,./dictionary-ver/လေမုန်တိုင်း.png
လေမုန်တိုင်း(၁),./dictionary-ver/လေမုန်တိုင်း၁.png
လေယာဉ်,./dictionary-ver/လေယာဉ်.png
လေးသောင်း,./dictionary-ver/လေးသောင်း.png
လောင်းထည့်,./dictionary-ver/လောင်းထည့်.png
လဲကျ,./dictionary-ver/လဲကျ.png
လဲကျ(၁),./dictionary-ver/လဲကျ၁.png
ဝ,./dictionary-ver/ဝ.png
ဝက်သား,./dictionary-ver/ဝက်သား.png
ဝင်,./dictionary-ver/ဝင်.png
ဝင်နေ,./dictionary-ver/ဝင်နေ.png
ဝင်နေ(၁),./dictionary-ver/ဝင်နေ၁.png
ဝတ်ဆင်,./dictionary-ver/ဝတ်ဆင်.png
ဝတ်ပြီး,./dictionary-ver/ဝတ်ပြီး.png
ဝန်ကြီး,./dictionary-ver/ဝန်ကြီး.png
ဝန်ကြီးချုပ်ရုံး,./dictionary-ver/ဝန်ကြီးချုပ်ရုံး.png
ဝန်ကြီးဌာန,./dictionary-ver/ဝန်ကြီးဌာန.png
ဝန်ခံ,./dictionary-ver/ဝန်ခံ.png
ဝန်ထမ်းရွေးချယ်လေ့ကျင့်ရေးအဖွဲ့,./dictionary-ver/ဝန်ထမ်းရွေးချယ်လေ့ကျင့်ရေးအဖွဲ့.png
ဝန်မင်း,./dictionary-ver/ဝန်မင်း.png
ဝမ်းရောဂါ,./dictionary-ver/ဝမ်းရောဂါ.png
ဝမ်းလျော,./dictionary-ver/ဝမ်းလျော.png
ဝမ်းသာ./dictionary-ver/ဝမ်းသာ.png,
ဝယ်ချင်,./dictionary-ver/ဝယ်ချင်.png
ဝယ်မယ်,./dictionary-ver/ဝယ်မယ်.png
ဝံသာနု,./dictionary-ver/ဝံသာနု.png
ဝါး,./dictionary-ver/ဝါး.png
ဝါ(ရေ),./dictionary-ver/ဝါ(ရေ).png
ဝါဒ,./dictionary-ver/ဝါဒ.png
ဝါယာကြိုး,./dictionary-ver/ဝါယာကြိုး.png
ဝါယာရှော့,./dictionary-ver/ဝါယာရှော့.png
ဝါသနာ,./dictionary-ver/ဝါသနာ.png
ဝိုင်.အမ်.စီ.အေ,./dictionary-ver/ဝိုင်.အမ်.စီ.အေ.png
ဝိုင်းအုံ,./dictionary-ver/ဝိုင်းအုံ.png
ဝေးလား,./dictionary-ver/ဝေးလား.png
ဝေးဝေးရှောင်,./dictionary-ver/ဝေးဝေးရှောင်.png
ွ,./dictionary-ver/ွ.png
သ,./dictionary-ver/သ.png
သ (YGN),./dictionary-ver/သ (YGN).png
သက်သေ,./dictionary-ver/သက်သေ.png
သခွားသီး,./dictionary-ver/သခွားသီး.png
သင်တန်း,./dictionary-ver/သင်တန်း.png
သင်ယူ,./dictionary-ver/သင်ယူ.png
သင်္ကြန်,./dictionary-ver/သင်္ကြန်.png
သင်္ကေတ,./dictionary-ver/သင်္ကေတ.png
သင်္ချာ,./dictionary-ver/သင်္ချာ.png
သင်္ချိုင်း,./dictionary-ver/သင်္ချိုင်း.png
သင်္ဘော,./dictionary-ver/သင်္ဘော.png
သင်္ဘောဆိပ်,./dictionary-ver/သင်္ဘောဆိပ်.png
သင်္ဘောသီး,./dictionary-ver/သင်္ဘောသီး.png
သစ်ကိုင်း,./dictionary-ver/သစ်ကိုင်း.png
သစ်တောရေးရာဝန်ကြီးဌာန,./dictionary-ver/သစ်တောရေးရာဝန်ကြီးဌာန.png
သစ်တော်သီး,./dictionary-ver/သစ်တော်သီး.png
သစ်ပင်,./dictionary-ver/သစ်ပင်.png
သစ်ပင်ကြီး,./dictionary-ver/သစ်ပင်ကြီး.png
သစ်ပင်ခုတ်,./dictionary-ver/သစ်ပင်ခုတ်.png
သစ်ပင်စိုက်,./dictionary-ver/သစ်ပင်စိုက်.png
သစ်ပင်ယိမ်းထိုး,./dictionary-ver/သစ်ပင်ယိမ်းထိုး.png
သစ်ပင်လဲကျ,./dictionary-ver/သစ်ပင်လဲကျ.png
သစ်ပင်သစ်ကိုင်း,./dictionary-ver/သစ်ပင်သစ်ကိုင်း.png
သစ်ပင်အောက်,./dictionary-ver/သစ်ပင်အောက်.png
သစ်သားမီးခြစ်,./dictionary-ver/သစ်သားမီးခြစ်.png
သစ်သီးများ,./dictionary-ver/သစ်သီးများ.png
သတင်း,./dictionary-ver/သတင်း.png
သတင်း(၁),./dictionary-ver/သတင်း၁.png
သတင်း(၂),./dictionary-ver/သတင်း၂.png
သတင်း(၃),./dictionary-ver/သတင်း၃.png
သတင်း(၄),./dictionary-ver/သတင်း၄.png
သတင်း(၅),./dictionary-ver/သတင်း၅.png
သတင်း(၆),./dictionary-ver/သတင်း၆.png
သတိ,./dictionary-ver/သတိ.png
သတိ(၁),./dictionary-ver/သတိ၁.png
သတိ(၂),./dictionary-ver/သတိ၂.png
သတိထား,./dictionary-ver/သတိထား.png
သတိထား(၁),./dictionary-ver/သတိထား၁.png
သတိမေ့,./dictionary-ver/သတိမေ့.png
သတိရှိ,./dictionary-ver/သတိရှိ.png
သတိရှိ(၁),./dictionary-ver/သတိရှိ၁.png
သတိရှိ(၂),./dictionary-ver/သတိရှိ၂.png
သတိရှိပါ,./dictionary-ver/သတိရှိပါ.png
သတိလစ်,./dictionary-ver/သတိလစ်.png
သတိလစ်(၁), ./dictionary-ver/သတိလစ်၁.png
သတိလစ်(၂),./dictionary-ver/သတိလစ်၂.png
သတ္တပတ်,./dictionary-ver/သတ္တပတ်.png
သတ္တမတန်း,./dictionary-ver/သတ္တမတန်း.png
သတ္တမနှစ်,./dictionary-ver/သတ္တမနှစ်.png
သတ္တုတွင်းဝန်ကြီးဌာန,./dictionary-ver/သတ္တုတွင်းဝန်ကြီးဌာန.png
သတ်မှတ်,./dictionary-ver/သတ်မှတ်.png
သတ်မှတ်(၁),./dictionary-ver/သတ်မှတ်၁.png
သနပ်ခါး,./dictionary-ver/သနပ်ခါး.png
သနပ်ခါးသွေး,./dictionary-ver/သနပ်ခါးသွေး.png
သန့်ရှင်း,./dictionary-ver/သန့်ရှင်း.png
သံပုရာသီး,./dictionary-ver/သံပုရာသီး.png
သဘက်ခါ,./dictionary-ver/သဘက်ခါ.png
သဘာဝ,./dictionary-ver/သဘာဝ.png
သဘာဝ(၁),./dictionary-ver/သဘာဝ၁.png
သမဝါယမဝန်ကြီးဌာန,./dictionary-ver/သမဝါယမဝန်ကြီးဌာန.png
သမိုင်း,./dictionary-ver/သမိုင်း.png
သမီး,./dictionary-ver/သမီး.png
သမ္မတ,./dictionary-ver/သမ္မတ.png
သရက်သီး,./dictionary-ver/သရက်သီး.png
သြဇာသီး,./dictionary-ver/သြဇာသီး.png
သြဇာအာဏာ,./dictionary-ver/သြဇာအာဏာ.png
သံလိုက်ဓာတ်,./dictionary-ver/သံလိုက်ဓာတ်.png
သွား,./dictionary-ver/သွား.png
သွား(၁),./dictionary-ver/သွား၁.png
သွား(၁),./dictionary-ver/သွား၂.png
သွားကိုက်,./dictionary-ver/သွားကိုက်.png
သွားစိုက်,./dictionary-ver/သွားစိုက်.png
သွားနှုတ်,./dictionary-ver/သွားနှုတ်.png
သွားများ,./dictionary-ver/သွားများ.png
သွားသည်,./dictionary-ver/သွားသည်.png
သွားသည်(၁),./dictionary-ver/သွားသည်၁.png
သွားသည်(၂),./dictionary-ver/သွားသည်၂.png
သွေး,./dictionary-ver/သွေး.png
သွေး(၁),./dictionary-ver/သွေး၁.png
သွေးစမ်း,./dictionary-ver/သွေးစမ်း.png
သွေးတက်,./dictionary-ver/သွေးတက်.png
သွေးထွက်,./dictionary-ver/သွေးထွက်.png
သွေးထွက်(၁),./dictionary-ver/သွေးထွက်၁.png
သွေးထွက်လွန်,./dictionary-ver/သွေးထွက်လွန်.png
သွေးပေါင်,./dictionary-ver/သွေးပေါင်.png
သွေးပေါင်ချိန်,./dictionary-ver/သွေးပေါင်ချိန်.png
သွေးပေါင်ချိန်(၁),./dictionary-ver/သွေးပေါင်ချိန်၁.png
သွေးပေါင်ချိန်(၂),./dictionary-ver/သွေးပေါင်ချိန်၂.png
သွေးသွင်း,./dictionary-ver/သွေးသွင်း.png
သား,./dictionary-ver/ကျေးဇူးတင်ပါတယ်.png
သားရေ,./dictionary-ver/သားရေ.png
သာသနာရေးဝန်ကြီးဌာန,./dictionary-ver/သာသနာရေးဝန်ကြီးဌာန.png
သိ,./dictionary-ver/သိ.png
သိ(၁), ./dictionary-ver/သိ၁.png
သိတယ်,./dictionary-ver/သိတယ်.png
သိတယ်(၁),./dictionary-ver/သိတယ်၁.png
သိတယ်သိတယ်,./dictionary-ver/သိတယ်သိတယ်.png
သိပ္ပံနှင့်နည်းပညာဝန်ကြီးဌာန,./dictionary-ver/သိပ္ပံနှင့်နည်းပညာဝန်ကြီးဌာန.png
သိပ်မကောင်းဘူး,./dictionary-ver/သိပ်မကောင်းဘူး.png
သိပ်မကောင်းဘူး(၁),./dictionary-ver/သိပ်မကောင်းဘူး၁.png
သိပ်မဆိုးဘူး,./dictionary-ver/သိပ်မကောင်းဘူး.png
သိပ်မဖြေနိုင်ဘူး,./dictionary-ver/သိပ်မဖြေနိုင်ဘူး.png
သိပ်မမြင်ရ,./dictionary-ver/သိပ်မမြင်ရ.png
သိမ်း,./dictionary-ver/သိမ်း.png
သိမ်းထား,./dictionary-ver/သိမ်းထား.png
သိမ်းသွင်း,./dictionary-ver/သိမ်းသွင်း.png
သိလား,./dictionary-ver/သိလား.png
သိလား(၁), ./dictionary-ver/သိလား၁.png
သိုလှောင်,./dictionary-ver/သိုလှောင်.png
သီတင်းကျွတ်,./dictionary-ver/သီတင်းကျွတ်.png
သီပေါမင်း,./dictionary-ver/သီပေါမင်း.png
သုံး,./dictionary-ver/သုံး.png
သုံးဆယ်,./dictionary-ver/သုံးဆယ်.png
သုည,./dictionary-ver/သုည.png
သုံးထောင်,./dictionary-ver/သုံးထောင်.png
သုံးသောင်း,./dictionary-ver/သုံးသောင်း.png
သူ,./dictionary-ver/သူ.png
သူ(၁),./dictionary-ver/သူ၁.png
သူခိုး,./dictionary-ver/သူခိုး.png
သူခိုး(၁),./dictionary-ver/သူခိုး၁.png
သူခိုး(၂),./dictionary-ver/သူခိုး၂.png
သူခိုး(၃),./dictionary-ver/သူခိုး၃.png
သူခိုး(၄),./dictionary-ver/သူခိုး၄.png
သူခိုးခိုး,./dictionary-ver/သူခိုးခိုး.png
သူငယ်ချင်း,./dictionary-ver/သူငယ်ချင်း.png
သူငယ်ချင်းအိမ်,./dictionary-ver/သူငယ်ချင်းအိမ်.png
သူငယ်တန်း,./dictionary-ver/သူငယ်တန်း.png
သူနာပြု,./dictionary-ver/သူနာပြု.png
သူနာပြုသေတ္တာ,./dictionary-ver/သူနာပြုသေတ္တာ.png
သူများ,./dictionary-ver/သူများ.png
သူများ(၁),./dictionary-ver/သူများ၁.png
သူရဲကောင်း,./dictionary-ver/သူရဲကောင်း.png
သေ,./dictionary-ver/သေ.png
သေး,./dictionary-ver/သေး.png
သေ(၁),./dictionary-ver/သေ၁.png
သောကြာ,./dictionary-ver/သောကြာ.png
သောကြာနေ့,./dictionary-ver/သောကြာနေ့.png
သောက်,./dictionary-ver/သောက်.png
သောင်း,./dictionary-ver/သောင်း.png
သဲ,./dictionary-ver/သဲ.png
ဿ,./dictionary-ver/ဿ.png
ဟ,./dictionary-ver/ဟ.png
ဟ (YGN),./dictionary-ver/ဟ (YGN).png
ဟင်း,./dictionary-ver/ဟင်း.png
ဟင်းနုနွယ်,./dictionary-ver/ဟင်းနုနွယ်.png
ဟင်းသီးဟင်းရွက်,./dictionary-ver/ဟင်းသီးဟင်းရွက်.png
ဟင့်အင်း,./dictionary-ver/ဟင့်အင်း.png
ဟံသာဝတီခေတ်,./dictionary-ver/ဟံသာဝတီခေတ်.png
ဟိန္ဒူဘာသာ,./dictionary-ver/ဟိန္ဒူဘာသာ.png
ဟိုတယ်နှင့်ခရီးသွားလာရေးဝန်ကြီးဌာန,./dictionary-ver/ဟိုတယ်နှင့်ခရီးသွားလာရေးဝန်ကြီးဌာန.png
ဟိုတုန်းက,./dictionary-ver/ဟိုတုန်းက.png
ဟိုမှာ,./dictionary-ver/ဟိုမှာ.png
ဟေ့,./dictionary-ver/ဟေ့.png
ဟေ့,./dictionary-ver/ဟေ့၁.png
ှ,./dictionary-ver/ှ.png
ဠ,./dictionary-ver/ဠ.png
အ,./dictionary-ver/အ.png
အကျယ်,./dictionary-ver/အကျယ်.png
အကြမ်းဖက်ဝါဒ,./dictionary-ver/အကြမ်းဖက်ဝါဒ.png
အကြောင်းကြောင့်,./dictionary-ver/အကြောင်းကြောင့်.png
အကြော်အလှော်,./dictionary-ver/အကြော်အလှော်.png
အကွက်,./dictionary-ver/အကွက်.png
အကွက်အကွက်,./dictionary-ver/အကွက်အကွက်.png
အကုန်,./dictionary-ver/အကုန်.png
အကူအညီတောင်း,./dictionary-ver/အကူအညီတောင်း.png
အကူအညီတောင်းပါ,./dictionary-ver/အကူအညီတောင်းပါ.png
အကောင်းဆုံး,./dictionary-ver/အကောင်းဆုံး.png
အခက်အခဲ,./dictionary-ver/အခက်အခဲ.png
အခန်း,./dictionary-ver/အခန်း.png
အခန်းအပြင်,./dictionary-ver/အခန်းအပြင်.png
အခမ်းအနား,./dictionary-ver/အခမ်းအနား.png
အချက်,./dictionary-ver/အချက်.png
အချက်များ,./dictionary-ver/အချက်များ.png
အချိန်,./dictionary-ver/အချိန်.png
အချိန်ကျော်,./dictionary-ver/အချိန်ကျော်.png
အချို,./dictionary-ver/အချို.png
အခြောက်,./dictionary-ver/အခြောက်.png
အခြောက်(ရေညှစ်ထားသော),./dictionary-ver/အခြောက်(ရေညှစ်ထားသော).png
အခွန်,./dictionary-ver/အခွန်.png
အခါး,./dictionary-ver/အခါး.png
အခိုးအငွေ့,./dictionary-ver/အခိုးအငွေ့.png
အခု,./dictionary-ver/အခု.png
အခု(၁),./dictionary-ver/အခု၁.png
အခေါင်း,./dictionary-ver/အခေါင်း.png
အငန်,./dictionary-ver/အငန်.png
အငွေ့ (ဆေးခွေ),./dictionary-ver/အငွေ့ (ဆေးခွေ).png
အင်ဂျင်နီယာ,./dictionary-ver/အင်ဂျင်နီယာ.png
အင်တာနက်,./dictionary-ver/အင်တာနက်.png
အင်တာနက်၁,./dictionary-ver/အင်တာနက်၁.png
အင်ဒိုနီးရှား,./dictionary-ver/အင်ဒိုနီးရှား.png
အင်းလေး,./dictionary-ver/အင်းလေး.png
အင်းဝခေတ်,./dictionary-ver/အင်းဝခေတ်.png
အင်္ကျီ,./dictionary-ver/အင်္ကျီ.png
အင်္ဂလိပ်,./dictionary-ver/အင်္ဂလိပ်.png
အင်္ဂလိပ်ကိုလိုနီခေတ်,./dictionary-ver/အင်္ဂလိပ်ကိုလိုနီခေတ်.png
အင်္ဂါနေ့,./dictionary-ver/အင်္ဂါနေ့.png
အစက်အစက်,./dictionary-ver/အစက်အစက်.png
အစည်းအဝေး,./dictionary-ver/အစည်းအဝေး.png
အစပ်,./dictionary-ver/အစပ်.png
အစား,./dictionary-ver/အစား.png
အစာစား,./dictionary-ver/အစာစား.png
အစာမတည့်,./dictionary-ver/အစာမတည့်.png
အစိမ်းရောင်,./dictionary-ver/အစိမ်းရောင်.png
အစိမ်းရောင်(ygn),./dictionary-ver/အစိမ်းရောင်(ygn).png
အစီအစဉ်,./dictionary-ver/အစီအစဉ်.png
အစ္စလာမ်ဘာသာ,./dictionary-ver/အစ္စလာမ်ဘာသာ.png
အစ်ကို,./dictionary-ver/အစ်ကို.png
အစ်ကို(၁),./dictionary-ver/အစ်ကို၁.png
အစ်မ,./dictionary-ver/အစ်မ.png
အစ်မ(၁),./dictionary-ver/အစ်မ၁.png
အဆင့်ငါး,./dictionary-ver/အဆင့် ၅.png
အဆင့်တစ်,./dictionary-ver/အဆင့် ၁.png
အဆင့်နှစ်,./dictionary-ver/အဆင့် ၂.png
အဆင်ပြေလား,./dictionary-ver/အဆင်ပြေလား.png
အဆင့်လေး,./dictionary-ver/အဆင့် ၄.png
အဆင်သင့်,./dictionary-ver/အဆင်သင့်.png
အဆင့်သုံး,./dictionary-ver/အဆင့် ၃.png
အဆိပ်,./dictionary-ver/အဆိပ်.png
အဆိပ်(၁),./dictionary-ver/အဆိပ်၁.png
အဆီ,./dictionary-ver/အဆီ.png
အဆီးရီးယားခေတ်,./dictionary-ver/အဆီးရီးယားခေတ်.png
အဆုတ်,./dictionary-ver/အဆုတ်.png
အဆောက်အဦး,./dictionary-ver/အဆောက်အဦး.png
အဆောက်အဦး(၁),./dictionary-ver/အဆောက်အဦး၁.png
အညိဳရောင်,./dictionary-ver/အညိဳရောင်.png
အညိုရောင်(ygn),./dictionary-ver/အညိုရောင်(ygn).png
အတက်လမ်း,./dictionary-ver/အတက်လမ်း.png
အတန်း,./dictionary-ver/အတန်း.png
အတွေးအခေါ်ပညာရှင်,./dictionary-ver/အတွေးအခေါ်ပညာရှင်.png
အတိုင်းအတာ,./dictionary-ver/အတိုင်းအတာ.png
အတူတူ,./dictionary-ver/အတူတူ.png
အထက်တန်း,./dictionary-ver/အထက်တန်း.png
အထပ်,./dictionary-ver/အထပ်.png
အထပ်မြင့်,./dictionary-ver/အထပ်မြင့်.png
အထပ်မြင့်(၁),./dictionary-ver/အထပ်မြင့်၁.png
အထပ်မြင့်အဆောက်အဦး,./dictionary-ver/အထပ်မြင့်အဆောက်အဦး.png
အထိ,./dictionary-ver/အထိ.png
အထူးတန်း,./dictionary-ver/အထူးတန်း.png
အထဲမှာ,./dictionary-ver/အထဲမှာ.png
အဒေါ်,./dictionary-ver/အဒေါ်.png
အဓိက,./dictionary-ver/အဓိက.png
အဓိကရုဏ်း,./dictionary-ver/အဓိကရုဏ်း.png
အနံ,./dictionary-ver/အနံ.png
အနံ႔ရ,./dictionary-ver/အနံ႔ရ.png
အနားတဝိုက်,./dictionary-ver/အနားတဝိုက်.png
အနီး,./dictionary-ver/အနီး.png
အနီရောင်,./dictionary-ver/အနီရောင်.png
အနီရောင်(ygn),./dictionary-ver/အနီရောင်(ygn).png
အနီးအနား,./dictionary-ver/အနီးအနား.png
အနုပညာ,./dictionary-ver/အနုပညာ.png
အနုပညာရှင်,./dictionary-ver/အနုပညာရှင်.png
အနော်ရထာ,./dictionary-ver/အနော်ရထာ.png
အန္တရာယ်,./dictionary-ver/အန္တရာယ်.png
အန္တရာယ်ကြီး,./dictionary-ver/အန္တရာယ်ကြီး.png
အပျို၊လူပျို,./dictionary-ver/အပျို၊လူပျို.png
အပျိုတော်,./dictionary-ver/အပျိုတော်.png
အပြန်,./dictionary-ver/အပြန်.png
အပြာရောင်,./dictionary-ver/အပြာရောင်.png
အပြေး,./dictionary-ver/အပြေး.png
အပို,./dictionary-ver/အပို.png
အပူ(ပရုတ်ဆီ),./dictionary-ver/အပူ(ပရုတ်ဆီ).png
အပူချိန်,./dictionary-ver/အပူချိန်.png
အပူလောင်,./dictionary-ver/အပူလောင်.png
အပေါ်,./dictionary-ver/အပေါ်.png
အဖျား,./dictionary-ver/အဖျား.png
အဖျားတက်,./dictionary-ver/အဖျားတက်.png
အဖြူရောင်,./dictionary-ver/အဖြူရောင်.png
အဖြူရောင်,./dictionary-ver/အဖြူရောင်၁.png
အဖြေစာရွက်,./dictionary-ver/အဖြေစာရွက်.png
အဖေ,./dictionary-ver/အဖေ.png
အဖေ(၁),./dictionary-ver/အဖေ၁.png
အများကြီး,./dictionary-ver/အများကြီး.png
အများကြီးပဲ,./dictionary-ver/အများကြီးပဲ.png
အမျိုး,./dictionary-ver/အမျိုး.png
အမျိုးမျိုး,./dictionary-ver/အမျိုးမျိုး.png
အမျိုးသမီး,./dictionary-ver/အမျိုးသမီး.png
အမျိုးသား,./dictionary-ver/အမျိုးသား.png
အမျိုးသားစီမံကိန်းနှင့်စီးပွားရေးဖွံ့ဖြိုးရေးတိုးတက်မှုဝန်ကြီးဌာန,./dictionary-ver/အမျိုးသားစီမံကိန်း.png
အမျိုးသားပြတိုက်,./dictionary-ver/အမျိုးသားပြတိုက်.png
အမျိုးသားအောင်ပွဲနေ့,./dictionary-ver/အမျိုးသားအောင်ပွဲနေ့.png
အမြင့်,./dictionary-ver/အမြင့်.png
အမြင်ဝါး,./dictionary-ver/အမြင်ဝါး.png
အမြန်,./dictionary-ver/အမြန်.png
အမြန်လမ်း,./dictionary-ver/အမြန်လမ်း.png
အမြဲတမ်း,./dictionary-ver/အမြဲတမ်း.png
အမြဲအမြဲ,./dictionary-ver/အမြဲအမြဲ.png
အမွှေးတိုင်,./dictionary-ver/အမွှေးတိုင်.png
အမွှေးနံ့,./dictionary-ver/အမွှေးနံ့.png
အမှန်,./dictionary-ver/အမှန်.png
အမှန်(၁),./dictionary-ver/အမှန်၁.png
အမှိုက်,./dictionary-ver/အမှိုက်.png
အမှိုက်များ,./dictionary-ver/အမှိုက်များ.png
အမှုထမ်း,./dictionary-ver/အမှုထမ်း.png
အမှုန်အမွှားပျောက်,./dictionary-ver/အမှုန်အမွှားပျောက်.png
အမေ,./dictionary-ver/အမေ.png
အမေ(၁),./dictionary-ver/အမေ၁.png
အမေရိကန်ပြည်ထောင်စု,./dictionary-ver/အမေရိကန်ပြည်ထောင်စု.png
အမဲ,./dictionary-ver/အမဲ.png
အမဲလိုက်,./dictionary-ver/အမဲလိုက်.png
အမဲသား,./dictionary-ver/အမဲသား.png
အရည်းကြီး,./dictionary-ver/အရည်းကြီး.png
အရပ်,./dictionary-ver/အရပ်.png
အရမ်း,./dictionary-ver/အရမ်း.png
အရမ်းချမ်းတယ်,./dictionary-ver/အရမ်းချမ်းတယ်.png
အရမ်းပြင်း,./dictionary-ver/အရမ်းပြင်း.png
အရွက်,./dictionary-ver/အရွက်.png
အရိုး,./dictionary-ver/အရိုး.png
အရေးကြီး,./dictionary-ver/အရေးကြီး.png
အရေးကြီး(၁),./dictionary-ver/အရေးကြီး၁.png
အရေပြား,./dictionary-ver/အရေပြား.png
အရေးပေါ်,./dictionary-ver/အရေးပေါ်.png
အရေးပေါ်(၁),./dictionary-ver/အရေးပေါ်၁.png
အရောင်,./dictionary-ver/အရောင်.png
အရောင်နဲနဲ,./dictionary-ver/အရောင်နဲနဲ.png
အရောင်များ,./dictionary-ver/အရောင်များ.png
အလည်,./dictionary-ver/အလည်.png
အလယ်တန်း,./dictionary-ver/အလယ်တန်း.png
အလျား,./dictionary-ver/အလျား.png
အလွန်းအမင်း,./dictionary-ver/အလွန်းအမင်း.png
အလုပ်,./dictionary-ver/အလုပ်.png
အလုပ်လုပ်,./dictionary-ver/အလုပ်လုပ်.png
အလုပ်သမား ဝန်ကြီးဌာန,./dictionary-ver/အလုပ်သမားဝန်ကြီးဌာန.png
အလုပ်သမားနေ့,./dictionary-ver/အလုပ်သမားနေ့.png
အလုံးအရေအတွက်,./dictionary-ver/အလုံးအရေအတွက်.png
အလေး,./dictionary-ver/အလေး.png
အလေးချိန်,./dictionary-ver/အလေးချိန်.png
အလေးချိန်(၁),./dictionary-ver/အလေးချိန်၁.png
အလောင်းမင်းတရား,./dictionary-ver/အလောင်းမင်းတရား.png
အဝတ်,./dictionary-ver/အဝတ်.png
အဝတ်(၁),./dictionary-ver/အဝတ်၁.png
အဝတ်(၂),./dictionary-ver/အဝတ်၂.png
အဝတ်များ,./dictionary-ver/အဝတ်များ.png
အဝတ်လျှော်,./dictionary-ver/အဝတ်လျှော်.png
အဝါရောင်,./dictionary-ver/အဝါရောင်.png
အဝါရောင်(၁),./dictionary-ver/အဝါရောင်၁.png
အဝေးပြေး,./dictionary-ver/အဝေးပြေး.png
အဝေးပြေးကား,./dictionary-ver/အဝေးပြေးကား.png
အသက်,./dictionary-ver/အသက်.png
အသက်ရှု,./dictionary-ver/အသက်ရှု.png
အသက်ရှုပိတ်,./dictionary-ver/အသက်ရှုပိတ်.png
အသည်း,./dictionary-ver/အသည်း.png
အသွား,./dictionary-ver/အသွား.png
အသား,./dictionary-ver/အသား.png
အသိပေး,./dictionary-ver/အသိပေး.png
အသီး,./dictionary-ver/အသီး.png
အသုံးပြု,./dictionary-ver/အသုံးပြု.png
အဠမတန်း,./dictionary-ver/အဠမတန်း.png
အဠမနှစ်,./dictionary-ver/အဠမနှစ်.png
အားကစား,./dictionary-ver/အားကစား.png
အားကစားရုံ,./dictionary-ver/အားကစားရုံ.png
အားကစားရုံ(၁),./dictionary-ver/အားကစားရုံ၁.png
အားကစားဝန်ကြီးဌာန,./dictionary-ver/အားကစားဝန်ကြီးဌာန.png
အားကုန်,./dictionary-ver/အားကုန်.png
အာခေါင်,./dictionary-ver/အာခေါင်.png
အားဆေး,./dictionary-ver/အားဆေး.png
အာဇာနည်နေ့,./dictionary-ver/အာဇာနည်နေ့.png
အာဏာဖီဆန်ရေး,./dictionary-ver/အာဏာဖီဆန်ရေး.png
အားတယ်,./dictionary-ver/အားတယ်.png
အားပြတ်,./dictionary-ver/အားပြတ်.png
အာရှ,./dictionary-ver/အာရှ.png
အားလား,./dictionary-ver/အားလား.png
အားလုံး,./dictionary-ver/အားလုံး.png
အာလူး,./dictionary-ver/အာလူး.png
အားအင်,./dictionary-ver/အားအင်.png
အိတ်,./dictionary-ver/အိတ်.png
အိတ်(၁),./dictionary-ver/အိတ်၁.png
အိတ်ထဲကသဲ,./dictionary-ver/အိတ်ထဲကသဲ.png
အိပ်ငိုက်,./dictionary-ver/အိပ်ငိုက်.png
အိပ်ပျော်,./dictionary-ver/အိပ်ပျော်.png
အိပ်ယာထ,./dictionary-ver/အိပ်ယာထ.png
အိမ်,./dictionary-ver/အိမ်.png
အိမ်(၁),./dictionary-ver/အိမ်၁.png
အိမ်ထဲ,./dictionary-ver/အိမ်ထဲ.png
အိမ်ထဲကပြေးထွက်,./dictionary-ver/အိမ်ထဲကပြေးထွက်.png
အိမ်ထဲကရေ,./dictionary-ver/အိမ်ထဲကရေ.png
အိမ်ထဲကြမ်းပြင်,./dictionary-ver/အိမ်ထဲကြမ်းပြင်.png
အိမ်ထဲပြေးဝင်,./dictionary-ver/အိမ်ထဲပြေးဝင်.png
အိမ်ထဲမီးလောင်,./dictionary-ver/အိမ်ထဲမီးလောင်.png
အိမ်ထဲမီးလောင်(၁),./dictionary-ver/အိမ်ထဲမီးလောင်၁.png
အိမ်ထဲရေကြီး,./dictionary-ver/အိမ်ထဲရေကြီး.png
အိမ်ထဲဝင်,./dictionary-ver/အိမ်ထဲဝင်.png
အိမ်ထဲဝင်(၁),./dictionary-ver/အိမ်ထဲဝင်၁.png
အိမ်ထဲဝင်ပါ,./dictionary-ver/အိမ်ထဲဝင်ပါ.png
အိမ်ပြို,./dictionary-ver/အိမ်ပြို.png
အိမ်ဖောက်ထွင်း,./dictionary-ver/အိမ်ဖောက်ထွင်း.png
အိမ်မိုးကြိုးပစ်,./dictionary-ver/အိမ်မိုးကြိုးပစ်.png
အိမ်မိုးကြိုးလွှဲ,./dictionary-ver/အိမ်မိုးကြိုးလွှဲ.png
အိမ်ရှေ့စံ,./dictionary-ver/အိမ်ရှေ့စံ.png
အိမ်လှုပ်,./dictionary-ver/အိမ်လှုပ်.png
အိမ်လှုပ်နေ,./dictionary-ver/အိမ်လှုပ်နေ.png
အိမ်သာ,./dictionary-ver/အိမ်သာ.png
အိမ်သာ(၁),./dictionary-ver/အိမ်သာ၁.png
အိမ်သာကျင်း,./dictionary-ver/အိမ်သာကျင်း.png
အိမ်အပြင်,./dictionary-ver/အိမ်အပြင်.png
အိုး,./dictionary-ver/အိုး.png
အီဂျစ်,./dictionary-ver/အီဂျစ်.png
အုပ်,./dictionary-ver/အုပ်.png
အုပ်(၁),./dictionary-ver/အုပ်၁.png
အုပ်ချုပ်,./dictionary-ver/အုပ်ချုပ်.png
အုပ်စိုး,./dictionary-ver/အုပ်စိုး.png
အေးတယ်,./dictionary-ver/အေးတယ်.png
အောက်,./dictionary-ver/အောက်.png
အောက်ဆီဂျင်,./dictionary-ver/အောက်ဆီဂျင်.png
အောက်ဆီဂျင်(၁),./dictionary-ver/အောက်ဆီဂျင်၁.png
အောင့်,./dictionary-ver/အောင့်.png
အောင့် (မျက်စိအောင့်),./dictionary-ver/အောင့် (မျက်စိအောင့်).png
အော်ခေါ်,./dictionary-ver/အော်ခေါ်.png
အဲ့ (ကား),./dictionary-ver/အဲ့ (ကား).png
အဲ့ဒီ့,./dictionary-ver/အဲ့ဒီ့.png
အဲ့ဒီ့ (ကား),./dictionary-ver/အဲ့ဒီ့ (ကား).png
အဲ့ဒီ အိမ်,./dictionary-ver/အဲ့ဒီ အိမ်.png
အဲ့ဒီ့(၁),./dictionary-ver/အဲ့ဒီ့၁.png
အဲ့ဒီ(up),./dictionary-ver/အဲ့ဒီ(up).png
အဲ့ဒီ့(လူ),./dictionary-ver/အဲ့ဒီ့(လူ).png
အဲ့ဒီ့(အောက်),./dictionary-ver/အဲ့ဒီ့(အောက်).png
အဲ့ဒီ့(အောက်),./dictionary-ver/အဲ့ဒီ့(အောက်)၁.png
အဲ့ဒီ(အောက်ကို),./dictionary-ver/အဲ့ဒီ(အောက်ကို).png
အဲ့ဒီ့ကား,./dictionary-ver/အဲ့ဒီကား.png
အဲ့ဒီ့ကိုယ်ခန္ဓာ,./dictionary-ver/အဲ့ဒီ့ကိုယ်ခန္ဓာ.png
အဲ့ဒီ့ဆေး,./dictionary-ver/အဲ့ဒီ့ဆေး.png
အဲ့ဒီဆေးခန်း,./dictionary-ver/အဲ့ဒီဆေးခန်း.png
အဲ့ဒီ့ဆေးခဲ,./dictionary-ver/အဲ့ဒီ့ဆေးခဲ.png
အဲ့ဒီနေရာ,./dictionary-ver/အဲ့ဒီနေရာ.png
အဲဒီလူ,./dictionary-ver/အဲဒီလူ.png
အဲ့ဒီအတိုင်း,./dictionary-ver/အဲ့ဒီအတိုင်း.png
အဲ့ဒီ့အပေါ်ဘက်,./dictionary-ver/အဲ့ဒီ့အပေါ်ဘက်.png
အဲ့မှာ,./dictionary-ver/အဲ့မှာ.png
ဣ,./dictionary-ver/ဣ.png
ဤ,./dictionary-ver/ဤ.png
ဥ,./dictionary-ver/ဥ.png
ဥပဒေ,./dictionary-ver/ဥပဒေ.png
ဥရောပအဖွဲ့ဝင်နိုင်ငံများ,./dictionary-ver/ဥရောပအဖွဲ့ဝင်နိုင်ငံများ.png
ဦးစီးအရာရှိ,./dictionary-ver/ဦးစီးအရာရှိ.png
ဦးထုပ်ဆောင်း,./dictionary-ver/ဦးထုပ်ဆောင်း.png
ဦးနှောက်,./dictionary-ver/ဦးနှောက်.png
ဦးလေး,./dictionary-ver/ဦးလေး.png
ဧ,./dictionary-ver/ဧ.png
ဧကရာဇ်,./dictionary-ver/ဧကရာဇ်.png
ဩ,./dictionary-ver/ဩ.png
ါ,./dictionary-ver/ါ.png
ာ,./dictionary-ver/ာ.png
ါ်,./dictionary-ver/ါ်.png
ာ်,./dictionary-ver/ာ်.png
ိ,./dictionary-ver/ိ.png
ီ,./dictionary-ver/ီ.png
ု,./dictionary-ver/ု.png
ူ,./dictionary-ver/ူ.png
ေ,./dictionary-ver/ေ.png
ဲ,./dictionary-ver/ဲ.png
်,./dictionary-ver/်.png
